,DISTRICT,CO,CDS,EDP 365,Current Expense ADA,Current Expense per ADA,LEA Type,enroll12,NumTstTakr,NumCurrElaBenchmark,NumPreElaBenchmark,TotNumElaBenchmark,PctElaBenchmark,NumCurrMathBenchmark,NumPreMathBenchmark,TotNumMathBenchmark,PctMathBenchmark,TotNumBothBenchmark,PctBothBenchmark,Category,Teachers,Staff Support,Administrators,Counselors,Librarians,Student Support,Improvement Percentage,Predicted PctBothBenchmark
0,ABC Unified,19,64212,"215,049,027","19,855.30",10831,Unified                  ,1810,1005,822,6,828,82.39,665,5,670,66.67,644,64.08,0,824.95,701.77,64.0,10.0,0.0,83.6,2.8695680175007205,65.91881918561445
1,Amador County Unified,3,73981,"33,806,573","3,732.10",9058,Unified                  ,322,88,79,0,79,89.77,60,0,60,68.18,59,67.05,0,161.62,139.36,15.16,6.3,0.0,1.2,1.7780743209378886,68.24219883218885
2,Arcadia Unified,19,64261,"101,395,950","9,209.90",11009,Unified                  ,892,637,600,1,601,94.35,572,1,573,89.95,560,87.91,0,378.98,387.22,24.33,14.0,0.0,24.34,3.7263012495095724,91.18579142844386
3,Atascadero Unified,40,68700,"45,624,457","4,484.00",10175,Unified                  ,362,103,97,0,97,94.17,76,0,76,73.79,75,72.82,0,195.63,255.39,15.3,6.75,0.0,24.25,0.9624919516884575,73.52088663921953
4,Barstow Unified,36,67611,"65,007,114","5,792.00",11224,Unified                  ,377,85,55,0,55,64.71,37,0,37,43.53,33,38.82,0,245.86,290.0,21.0,13.0,0.0,2.0,1.3024258644905367,39.32560172059523
5,Beaumont Unified,33,66993,"100,905,897","9,517.90",10602,Unified                  ,672,562,290,0,290,51.6,130,0,130,23.13,125,22.24,0,395.61,346.55,30.2,12.5,0.0,30.1,2.6263520859422016,22.824100703913544
6,Benicia Unified,48,70524,"45,151,119","4,578.20",9862,Unified                  ,426,217,196,0,196,90.32,172,0,172,79.26,168,77.42,0,185.7,150.06,13.1,7.5,0.0,12.5,1.5320362577175612,78.60610247072493
7,Bishop Unified,14,76687,"20,968,529","1,823.90",11497,Unified                  ,154,53,42,0,42,79.25,29,0,29,54.72,27,50.94,0,87.62,113.07,8.0,1.6,0.0,4.0,1.32211595881351,51.6134858694196
8,Black Oak Mine Unified,9,73783,"10,609,128",992.7,10687,Unified                  ,100,30,28,0,28,93.33,22,0,22,73.33,21,70.0,0,55.17,70.26,4.59,0.0,0.0,0.0,1.3001093719859624,70.91007656039018
9,Bonita Unified,19,64329,"102,533,880","9,733.30",10534,Unified                  ,842,446,366,0,366,82.06,260,0,260,58.3,247,55.38,0,404.78,356.27,25.0,15.25,0.0,29.0,41.720598342306126,78.48486736196914
10,Bonsall Unified,37,76851,"23,927,811","2,264.10",10568,Unified                  ,92,38,32,0,32,84.21,20,0,20,52.63,19,50.0,0,138.52,133.68,11.5,1.0,0.0,21.7,1.1279757349347184,50.56398786746736
11,Brea-Olinda Unified,30,66449,"56,497,884","5,714.80",9886,Unified                  ,480,204,189,1,190,93.14,159,1,160,78.43,156,76.47,0,226.09,168.37,16.3,6.5,0.0,26.8,2.610427210769851,78.4661936880757
12,Burbank Unified,19,64337,"156,850,436","14,574.20",10762,Unified                  ,1361,669,587,0,587,87.74,485,0,485,72.5,466,69.66,0,627.78,577.54,43.5,20.0,0.0,40.7,2.257218107175045,71.23237813345814
13,Burton Elementary,54,71837,"47,919,869","4,757.40",10073,Elementary               ,87,32,19,0,19,59.38,8,0,8,25.0,8,25.0,0,202.91,176.4,19.62,1.0,0.0,14.0,1.4384144119084383,25.35960360297711
14,Calaveras Unified,5,61564,"30,556,709","2,667.70",11454,Unified                  ,230,86,71,0,71,82.56,60,0,60,69.77,57,66.28,0,128.1,162.24,14.48,1.0,0.0,1.0,1.568564636460137,67.31964464104578
15,Capistrano Unified,30,66464,"471,585,268","45,844.10",10287,Unified                  ,4606,2156,2028,8,2036,94.43,1691,7,1698,78.76,1671,77.5,0,835.5,1559.47,115.62,10.5,0.0,143.9,54.17247989920592,119.48367192188458
16,Carlsbad Unified,37,73551,"110,042,716","10,888.90",10106,Unified                  ,950,483,451,2,453,93.79,380,2,382,79.09,377,78.05,0,438.5,338.04,26.7,14.0,0.0,33.0,15.762557577702582,90.35267618939686
17,Castro Valley Unified,1,61150,"92,677,106","8,951.20",10354,Unified                  ,775,461,425,0,425,92.19,360,0,360,78.09,352,76.36,0,378.78,304.95,26.17,13.95,0.0,22.3,5.182005996730239,80.3169797791032
18,Central Unified,10,73965,"161,722,109","15,004.60",10778,Unified                  ,1036,395,269,0,269,68.1,151,0,151,38.23,144,36.46,0,140.3,144.32,10.5,8.7,5.7,9.8,2.3866008658629716,37.33015467569364
19,Ceres Unified,50,71043,"144,409,508","12,971.00",11133,Unified                  ,1038,434,257,0,257,59.22,119,0,119,27.42,109,25.12,0,621.63,795.62,50.93,23.45,0.0,70.53,3.038758977616314,25.88333625517722
20,Charter Oak Unified,19,64378,"51,054,738","4,613.10",11067,Unified                  ,443,229,171,1,172,75.11,127,0,127,55.46,122,53.28,0,198.27,200.32,15.96,5.98,0.0,16.5,1.3148347470106225,53.98054395320726
21,Chico Unified,4,61424,"130,799,476","11,614.40",11262,Unified                  ,1113,396,350,1,351,88.64,305,1,306,77.27,294,74.24,0,622.43,677.26,39.55,26.9,0.0,44.67,2.2464564609957782,75.90776927664325
22,Chino Valley Unified,36,67678,"274,295,122","27,068.70",10133,Unified                  ,2459,2324,1452,1,1453,62.52,930,1,931,40.06,875,37.65,0,1104.23,941.79,80.67,17.05,0.0,51.52,2.9159164057952935,38.74784252678192
23,Claremont Unified,19,64394,"72,975,758","6,758.00",10798,Unified                  ,665,403,353,3,356,88.34,285,3,288,71.46,282,69.98,0,281.18,267.86,22.18,8.0,0.0,23.7,1.552907222567249,71.06672447435257
24,Clovis Unified,10,62117,"424,999,863","40,856.90",10402,Unified                  ,3428,1696,1443,1,1444,85.14,1074,1,1075,63.38,1032,60.85,0,1703.32,1974.75,213.17,38.85,0.0,166.07,46.929359602980334,89.40651531841353
25,Colusa Unified,6,61598,"14,552,036","1,416.80",10271,Unified                  ,109,42,29,0,29,69.05,24,0,24,57.14,22,52.38,0,71.26,55.39,5.0,1.0,0.0,0.3,1.2442537788823211,53.03174012937857
26,Conejo Valley Unified,56,73759,"183,305,848","18,101.70",10126,Unified                  ,1838,992,945,0,945,95.26,827,0,827,83.37,817,82.36,0,797.99,563.64,54.0,25.0,0.0,45.9,42.32910168864698,117.22224815076966
27,Corona-Norco Unified,33,67033,"557,879,039","51,022.50",10934,Unified                  ,4536,2344,1861,4,1865,79.56,1375,3,1378,58.79,1315,56.1,0,887.1,1608.39,129.0,55.0,0.0,145.0,1.4266998110091107,56.900378593976114
28,Dinuba Unified,54,75531,"71,708,443","6,277.30",11423,Unified                  ,502,143,86,0,86,60.14,36,0,36,25.17,35,24.48,0,254.14,240.89,25.5,4.0,0.0,7.0,1.5106917115854128,24.84981733099611
29,Dixon Unified,48,70532,"33,029,113","3,061.00",10790,Unified                  ,310,120,85,0,85,70.83,74,0,74,61.67,65,54.17,0,153.55,128.81,13.6,3.9,0.0,7.2,1.5084590094305759,54.987132245408546
30,Dublin Unified,1,75093,"107,678,950","11,044.60",9749,Unified                  ,582,523,422,2,424,81.07,347,2,349,66.73,336,64.24,0,465.25,313.73,25.3,14.4,0.0,16.4,4.754510251654488,67.29429738566284
31,Durham Unified,4,61432,"10,113,069",968.4,10443,Unified                  ,61,36,30,0,30,83.33,15,0,15,41.67,13,36.11,0,48.4,38.85,3.6,1.5,0.0,2.7,1.1820116836731116,36.53682441897436
32,El Rancho Unified,19,64527,"93,952,601","8,239.90",11402,Unified                  ,728,398,253,0,253,63.57,159,0,159,39.95,149,37.44,0,344.88,354.23,25.64,13.99,0.0,33.0,18.623165186134877,44.41251304568889
33,El Segundo Unified,19,64535,"36,577,956","3,371.20",10850,Unified                  ,275,169,162,0,162,95.86,132,0,132,78.11,132,78.11,0,139.04,105.9,8.8,5.0,0.5,11.0,1.2951791338102137,79.12166442141915
34,Elk Grove Unified,34,67314,"661,563,883","59,748.80",11072,Unified                  ,4915,2623,2061,3,2064,78.69,1585,3,1588,60.54,1503,57.3,0,1115.89,1532.72,169.18,77.9,0.0,109.5,3.3923141965342083,59.2437960346141
35,Escalon Unified,39,68502,"24,966,773","2,488.20",10034,Unified                  ,207,74,65,0,65,87.84,48,0,48,64.86,47,63.51,0,131.31,110.41,10.0,3.95,0.0,5.5,1.4022893890757786,64.40059399100203
36,Exeter Unified,54,76836,"29,299,289","2,685.60",10910,Unified                  ,273,66,53,0,53,80.3,26,0,26,39.39,26,39.39,0,114.31,125.5,16.7,2.8,0.0,2.45,1.663041836246434,40.04507217929747
37,Fairfield-Suisun Unified,48,70540,"208,430,635","20,576.80",10129,Unified                  ,1622,550,431,0,431,78.36,295,0,295,53.64,277,50.36,0,878.32,973.42,58.7,18.7,1.0,56.36,13.421882705915046,57.11926013069881
38,Folsom-Cordova Unified,34,67330,"208,367,798","19,356.30",10765,Unified                  ,1553,663,607,3,610,92.01,546,3,549,82.81,535,80.69,0,872.16,777.76,67.23,22.93,0.0,71.69,58.683419433534525,128.04165114091902
39,Fowler Unified,10,62158,"28,644,859","2,498.90",11463,Unified                  ,191,111,61,0,61,54.95,24,0,24,21.62,20,18.02,0,115.58,118.8,6.77,2.83,0.0,2.6,1.3020710849457071,18.254633209507215
40,Fremont Unified,1,61176,"361,573,564","34,247.10",10558,Unified                  ,2686,1716,1595,31,1626,94.76,1466,31,1497,87.24,1473,85.84,0,1500.02,1225.32,82.0,43.0,0.0,84.9,10.302400843729096,94.68358088425705
41,Gilroy Unified,43,69484,"121,939,092","10,610.40",11492,Unified                  ,919,396,320,1,321,81.06,230,0,230,58.08,222,56.06,0,475.51,392.83,36.43,15.5,0.0,20.7,4.763300514891786,58.730306268648334
42,Glendora Unified,19,64576,"76,250,695","7,188.70",10607,Unified                  ,733,405,362,0,362,89.38,313,0,313,77.28,299,73.83,0,307.12,240.16,17.97,10.86,0.0,16.0,2.41074362841039,75.60985202085539
43,Golden Valley Unified,20,75580,"19,334,798","1,881.00",10279,Unified                  ,142,63,53,0,53,84.13,30,0,30,47.62,29,46.03,0,91.99,82.56,11.19,2.0,0.0,2.05,1.4593294754033208,46.70172935752815
44,Gridley Unified,4,75507,"20,497,499","1,933.30",10603,Unified                  ,143,40,36,0,36,90.0,31,0,31,77.5,28,70.0,0,90.59,92.0,1.9,1.95,0.0,2.4,1.2184447319414877,70.85291131235904
45,Gustine Unified,24,73619,"19,209,428","1,746.70",10998,Unified                  ,147,66,42,0,42,63.64,16,0,16,24.24,16,24.24,0,86.3,104.22,7.0,3.0,0.0,7.0,1.2608435091861596,24.545628466626724
46,Hamilton Unified,11,76562,"7,471,979",677.5,11028,Unified                  ,70,25,18,0,18,72.0,11,0,11,44.0,11,44.0,0,38.54,26.71,3.01,1.75,0.0,1.0,1.1789840888221386,44.51875299908174
47,Helendale Elementary,36,67736,"6,293,404",621.3,10130,Elementary               ,207,42,31,0,31,73.81,14,0,14,33.33,14,33.33,0,167.37,129.12,20.86,1.0,0.0,20.38,1.604581010692967,33.864806850863964
48,Hesperia Unified,36,75044,"231,185,965","20,488.40",11284,Unified                  ,2009,685,441,0,441,64.38,262,0,262,38.25,239,34.89,0,987.99,1146.08,75.8,29.69,0.0,22.14,20.35369250213394,41.99140331399453
49,Hilmar Unified,24,65698,"24,552,775","2,254.20",10892,Unified                  ,162,64,41,0,41,64.06,22,0,22,34.38,22,34.38,0,110.89,87.17,8.35,3.9,0.0,4.35,1.3641908559432498,34.8490088162733
50,Hughson Unified,50,75549,"22,341,720","1,967.90",11353,Unified                  ,151,65,54,0,54,83.08,32,0,32,49.23,30,46.15,0,89.42,83.72,10.89,2.0,0.0,3.77,1.4225623099086404,46.80651250602284
51,Imperial Unified,13,63164,"40,922,429","4,047.60",10110,Unified                  ,262,94,73,0,73,77.66,43,0,43,45.74,42,44.68,0,175.1,142.99,12.0,5.0,0.0,11.6,1.40125587851588,45.306081126520894
52,Irvine Unified,30,73650,"353,385,092","33,642.10",10504,Unified                  ,2474,1159,1088,39,1127,97.24,1029,40,1069,92.23,1055,91.03,0,1278.21,1630.9,76.99,28.29,1.0,104.8,1.4844318821515627,92.38127834232257
53,Kerman Unified,10,73999,"51,323,155","4,926.80",10417,Unified                  ,368,172,113,0,113,65.7,49,0,49,28.49,45,26.16,0,211.32,193.12,18.8,1.0,0.0,25.2,1.1971323990143932,26.473169835582166
54,Lake Elsinore Unified,33,75176,"230,358,769","20,215.90",11395,Unified                  ,1590,648,496,0,496,76.54,312,0,312,48.15,290,44.75,0,923.12,953.75,58.65,25.9,0.0,61.1,3.562284881867578,46.34412248463575
55,Lakeside Union Elementary,15,63552,"13,255,786","1,309.30",10124,Elementary               ,106,37,34,1,35,94.59,27,1,28,75.68,28,75.68,0,14.0,21.64,2.0,0.0,0.0,0.0,1.2290072997431252,76.61011272444561
56,Lakeside Union Elementary,16,63966,"3,548,968",311.7,11385,Elementary               ,106,37,34,1,35,94.59,27,1,28,75.68,28,75.68,0,14.0,21.64,2.0,0.0,0.0,0.0,1.2290072997431252,76.61011272444561
57,Lakeside Union Elementary,37,68189,"53,765,039","4,952.30",10857,Elementary               ,106,37,34,1,35,94.59,27,1,28,75.68,28,75.68,0,14.0,21.64,2.0,0.0,0.0,0.0,1.2290072997431252,76.61011272444561
58,Lakeside Union Elementary,15,63552,"13,255,786","1,309.30",10124,Elementary               ,106,37,34,1,35,94.59,27,1,28,75.68,28,75.68,0,14.0,21.64,2.0,0.0,0.0,0.0,1.2290072997431252,76.61011272444561
59,Lakeside Union Elementary,16,63966,"3,548,968",311.7,11385,Elementary               ,106,37,34,1,35,94.59,27,1,28,75.68,28,75.68,0,14.0,21.64,2.0,0.0,0.0,0.0,1.2290072997431252,76.61011272444561
60,Lakeside Union Elementary,37,68189,"53,765,039","4,952.30",10857,Elementary               ,106,37,34,1,35,94.59,27,1,28,75.68,28,75.68,0,14.0,21.64,2.0,0.0,0.0,0.0,1.2290072997431252,76.61011272444561
61,Lammersville Joint Unified,39,76760,"44,935,017","4,720.70",9519,Unified                  ,262,148,132,1,133,89.86,94,1,95,64.19,90,60.81,0,215.71,136.5,14.0,3.4,0.0,11.0,1.5790028999773262,61.77019166347621
62,Las Virgenes Unified,19,64683,"115,353,617","10,902.30",10581,Unified                  ,1052,503,476,4,480,95.43,396,4,400,79.52,398,79.13,0,464.59,439.56,32.3,24.1,0.0,41.7,0.3917815054486818,79.44001670526153
63,Lincoln Unified,39,68569,"88,013,647","8,583.40",10254,Unified                  ,741,238,206,0,206,86.55,150,0,150,63.03,143,60.08,0,400.28,313.13,30.25,20.8,0.0,44.7,0.5254245502329197,60.39567506977994
64,Linden Unified,39,68577,"23,901,297","2,159.30",11069,Unified                  ,153,67,61,0,61,91.04,41,0,41,61.19,41,61.19,0,93.21,96.99,7.78,3.0,0.0,5.0,1.3127630893578468,61.993279734378056
65,Live Oak Unified,51,71399,"19,940,840","1,782.00",11190,Unified                  ,134,60,42,0,42,70.0,33,0,33,55.0,28,46.67,0,89.21,96.06,8.0,1.0,0.0,2.0,1.3364359944895896,47.29371467862829
66,Livermore Valley Joint Unified,1,61200,"144,176,237","13,242.90",10887,Unified                  ,1091,531,492,0,492,92.66,414,0,414,77.97,403,75.89,0,593.55,446.55,39.85,9.58,0.0,32.57,0.45749317399407485,76.23719156974411
67,Lodi Unified,39,68585,"307,299,186","27,148.10",11319,Unified                  ,2304,819,658,0,658,80.34,534,0,534,65.2,490,59.83,0,1338.36,1286.37,95.7,29.28,0.0,83.65,5.012331527480632,62.828877952891666
68,Lompoc Unified,42,69229,"100,928,744","9,092.60",11100,Unified                  ,657,184,147,0,147,79.89,99,0,99,53.8,95,51.63,0,450.14,428.67,30.71,14.25,0.0,28.9,4.056686401481083,53.72446718908469
69,Loomis Union Elementary,31,66845,"22,432,509","2,437.40",9203,Elementary               ,43,23,22,0,22,95.65,19,0,19,82.61,18,78.26,0,185.47,155.76,14.0,1.0,0.0,12.54,1.3165724341418268,79.2903495869594
70,Los Alamitos Unified,30,73924,"101,405,247","9,537.40",10632,Unified                  ,831,564,523,2,525,93.09,418,2,420,74.47,412,73.05,0,372.32,297.78,21.4,8.0,0.0,22.49,1.902810158122421,74.44000282050843
71,Los Banos Unified,24,65755,"115,018,239","10,286.70",11181,Unified                  ,798,266,164,0,164,61.65,98,0,98,36.84,93,34.96,0,431.1,411.67,38.65,11.0,0.0,55.9,62.88310770762846,56.94393445458691
72,Lucia Mar Unified,40,68759,"110,262,122","9,992.30",11035,Unified                  ,862,382,340,1,341,89.27,268,1,269,70.42,264,69.11,0,488.09,445.57,33.0,11.0,0.0,22.6,4.204857911387908,72.01597730256019
73,Manteca Unified,39,68593,"244,552,503","22,384.50",10925,Unified                  ,1912,688,500,0,500,72.67,311,0,311,45.2,288,41.86,0,995.42,877.96,71.6,22.0,0.0,103.0,7.496351330829776,44.99797266708534
74,Martinez Unified,7,61739,"42,215,022","3,982.50",10600,Unified                  ,321,126,107,0,107,84.92,94,0,94,74.6,89,70.63,0,187.19,129.94,13.0,9.0,1.0,10.8,2.3629470778300394,72.29894952107136
75,Mendota Unified,10,75127,"33,159,964","3,246.70",10213,Unified                  ,222,70,28,0,28,40.0,12,0,12,17.14,10,14.29,0,131.59,122.37,11.5,2.0,0.0,11.83,1.306096217446521,14.476641149473108
76,Middletown Unified,17,64055,"15,543,455","1,383.00",11239,Unified                  ,136,38,32,0,32,84.21,20,0,20,52.63,19,50.0,0,77.24,90.39,7.16,0.0,0.0,1.81,1.3004809720556847,50.65024048602784
77,Milpitas Unified,43,73387,"105,122,428","10,072.30",10437,Unified                  ,892,508,450,5,455,89.57,398,5,403,79.33,391,76.97,0,434.39,284.7,32.65,7.9,0.0,33.6,2.9394119659048266,79.23246539015695
78,Modoc Joint Unified,25,73585,"8,547,131",802.5,10651,Unified                  ,61,15,11,0,11,73.33,8,0,8,53.33,8,53.33,0,48.7,40.1,4.8,1.0,0.0,0.0,1.2147512966364917,53.97782686649624
79,Moorpark Unified,56,73940,"60,094,659","6,017.00",9988,Unified                  ,564,215,200,0,200,93.02,155,0,155,72.09,151,70.23,0,263.45,304.62,19.75,12.3,0.0,21.3,1.429327084970761,71.23381641177497
80,Morgan Hill Unified,43,69583,"83,858,234","7,995.40",10488,Unified                  ,692,388,329,0,329,84.79,264,0,264,68.04,255,65.72,0,387.75,315.08,24.69,9.27,1.8,12.89,3.094814291531595,67.75391195239456
81,Murrieta Valley Unified,33,75200,"228,213,079","21,995.50",10375,Unified                  ,2074,1228,1004,1,1005,81.84,648,1,649,52.85,628,51.14,0,871.41,848.23,55.6,31.17,0.0,66.9,4.443424758183375,53.41236742133498
82,Napa Valley Unified,28,66266,"176,807,038","15,927.70",11101,Unified                  ,1486,667,514,0,514,77.06,350,0,350,52.47,338,50.67,0,789.23,723.28,63.1,24.65,0.0,114.17,6.395671849466359,53.91068692612461
83,Natomas Unified,34,75283,"104,831,329","9,376.20",11181,Unified                  ,1117,614,462,0,462,75.24,271,0,271,44.14,259,42.18,0,564.22,534.58,42.8,18.0,0.0,46.14,45.29316840308088,61.28465843241952
84,Newark Unified,1,61234,"62,368,434","5,691.30",10959,Unified                  ,462,203,167,0,167,82.27,107,0,107,52.71,102,50.25,0,199.29,220.65,22.65,5.0,1.0,16.5,1.5537248255548541,51.03074672484131
85,Newman-Crows Landing Unified,50,73601,"33,439,764","3,020.90",11069,Unified                  ,206,96,59,1,60,62.5,24,0,24,25.0,21,21.88,0,137.41,162.09,13.0,6.0,0.0,7.0,1.4394619489942815,22.19495427443995
86,Oak Park Unified,56,73874,"42,742,731","4,411.30",9689,Unified                  ,422,239,228,2,230,96.23,205,2,207,86.61,206,86.19,0,185.14,153.82,12.0,9.0,0.0,9.97,1.5170985874359948,87.4975872725111
87,Oakdale Joint Unified,50,75564,"53,189,757","4,997.10",10644,Unified                  ,433,136,113,0,113,83.09,79,0,79,58.09,74,54.41,0,223.21,208.89,17.75,4.9,0.0,10.9,1.4065328010136202,55.1752944970315
88,Ojai Unified,56,72520,"25,211,825","2,294.90",10986,Unified                  ,201,72,66,0,66,91.67,46,0,46,63.89,46,63.89,0,106.46,127.87,11.1,2.0,0.0,9.32,1.3420751650379843,64.74745182294278
89,Orange Unified,30,66621,"276,530,475","24,783.00",11158,Unified                  ,2310,2097,1194,1,1195,56.99,732,1,733,34.95,694,33.09,0,67.4,18.66,5.0,4.3,2.4,4.55,1.2750220923071998,33.51190481034446
90,Orcutt Union Elementary,42,69260,"41,606,835","4,261.40",9764,Elementary               ,138,76,63,0,63,82.89,47,0,47,61.84,44,57.89,0,208.81,172.83,13.9,2.75,0.0,10.0,1.357673836229003,58.67595738379297
91,Orland Joint Unified,11,75481,"22,937,549","2,122.10",10809,Unified                  ,161,40,21,0,21,52.5,11,0,11,27.5,9,22.5,0,109.85,89.8,7.0,1.0,0.0,4.0,1.2577134002852821,22.78298551506419
92,Palos Verdes Peninsula Unified,19,64865,"121,294,765","10,985.30",11042,Unified                  ,1094,588,568,1,569,96.77,531,1,532,90.48,525,89.29,0,454.82,513.94,27.8,20.0,0.0,39.4,1.1682584737058355,90.33313799117194
93,Paradise Unified,4,61531,"36,369,662","3,229.40",11262,Unified                  ,303,55,48,0,48,87.27,42,0,42,76.36,41,74.55,0,183.06,216.97,18.74,5.8,1.0,8.0,1.4292749772496656,75.61552449553963
94,Paso Robles Joint Unified,40,75457,"72,838,174","6,477.30",11245,Unified                  ,573,208,164,0,164,78.85,120,0,120,57.69,113,54.33,0,281.3,333.77,20.43,8.4,1.0,26.5,1.0510957935690513,54.90106034464607
95,Patterson Joint Unified,50,71217,"66,020,120","5,780.40",11421,Unified                  ,491,197,131,0,131,66.5,78,0,78,39.59,70,35.53,0,270.31,230.85,18.95,7.75,0.0,16.0,1.6372524479572221,36.111715794759206
96,Pierce Joint Unified,6,61614,"14,251,191","1,416.90",10058,Unified                  ,107,36,20,0,20,55.56,14,0,14,38.89,13,36.11,0,66.47,73.41,6.0,1.0,0.0,0.0,1.281608422103322,36.572788801221506
97,Placentia-Yorba Linda Unified,30,66647,"260,592,744","24,617.60",10586,Unified                  ,2159,1061,955,4,959,90.39,853,4,857,80.77,832,78.42,0,975.21,820.81,69.2,19.4,0.0,80.2,58.27083913026466,124.11599204595355
98,Pleasanton Unified,1,75101,"152,605,107","14,415.20",10586,Unified                  ,1259,822,787,8,795,96.72,737,8,745,90.63,736,89.54,0,618.38,450.84,38.7,28.3,0.0,57.0,1.611766674652106,90.9831758804835
99,Porterville Unified,54,75523,"147,210,720","12,833.60",11471,Unified                  ,1715,542,332,0,332,61.25,206,0,206,38.01,187,34.5,0,589.72,589.68,49.17,22.36,0.0,13.52,1.1863843732389485,34.90930260876743
100,Poway Unified,37,68296,"358,868,032","35,144.50",10211,Unified                  ,2735,1835,1723,8,1731,94.33,1536,6,1542,84.03,1512,82.4,0,1429.69,1310.55,80.9,45.26,0.0,191.6,12.213739825775336,92.46412161643889
101,Ramona City Unified,37,68304,"55,859,760","5,225.90",10689,Unified                  ,442,167,144,0,144,86.23,97,0,97,58.08,94,56.29,0,210.41,268.48,14.0,4.6,0.0,13.7,1.1691201750759848,56.94809774655027
102,Redlands Unified,36,67843,"209,224,844","19,912.40",10507,Unified                  ,1866,1504,1064,1,1065,70.81,749,2,751,49.93,709,47.14,0,868.08,648.29,50.6,26.2,0.0,39.7,44.54459407075913,68.13832164495585
103,Redondo Beach Unified,19,75341,"93,558,221","9,525.50",9822,Unified                  ,713,280,253,1,254,90.71,220,1,221,78.93,215,76.79,0,391.62,396.02,21.5,19.0,0.0,22.61,10.990527797829625,85.22962629595338
104,Ripon Unified,39,68650,"28,583,426","3,077.40",9288,Unified                  ,412,124,102,1,103,83.06,71,1,72,58.06,70,56.45,0,178.7,117.24,11.01,3.0,0.0,12.55,1.3763904936247646,57.226972433651184
105,Rocklin Unified,31,75085,"109,473,336","11,406.80",9597,Unified                  ,1123,629,576,1,577,91.73,478,1,479,76.15,472,75.04,0,593.41,453.34,40.93,13.0,0.0,40.78,0.795818234331305,75.63718200304221
106,Saddleback Valley Unified,30,73635,"270,129,024","26,232.20",10298,Unified                  ,2464,1084,984,6,990,91.33,842,6,848,78.23,826,76.2,0,1051.72,841.55,66.5,21.0,0.0,77.86,7.83840559934027,82.17286506669728
107,San Juan Unified,34,67447,"431,015,576","37,512.70",11490,Unified                  ,4342,1360,1146,5,1151,84.63,899,4,903,66.4,872,64.12,0,46.2,39.84,2.2,0.0,0.0,0.0,1.2021676549956186,64.8908299003832
108,San Leandro Unified,1,61291,"96,694,614","8,436.10",11462,Unified                  ,785,360,245,0,245,68.06,154,0,154,42.78,142,39.44,0,372.2,288.64,24.0,10.0,1.0,22.8,3.9910786513679986,41.01408142009954
109,San Lorenzo Valley Unified,44,69807,"24,760,063","2,191.40",11299,Unified                  ,282,108,97,2,99,91.67,80,2,82,75.93,80,74.07,0,204.39,117.49,13.15,3.0,0.0,5.6,1.730645243506876,75.35188893186553
110,San Marcos Unified,37,73791,"211,089,616","20,109.00",10497,Unified                  ,1493,845,723,0,723,85.56,525,0,525,62.13,514,60.83,0,589.58,1031.57,58.3,26.0,0.0,109.8,6.274077810529971,64.64652153214539
111,San Ramon Valley Unified,7,61804,"328,841,411","31,428.30",10463,Unified                  ,2601,1630,1550,23,1573,96.5,1435,23,1458,89.45,1438,88.22,0,1334.13,989.03,90.3,39.28,0.0,83.2,11.799883902627615,98.62985757889807
112,Sanger Unified,10,62414,"115,196,125","10,132.90",11369,Unified                  ,808,371,234,0,234,63.07,125,0,125,33.69,118,31.81,0,523.49,491.55,53.8,1.0,0.6,33.15,3.36564035292658,32.88061019626594
113,Scotts Valley Unified,44,75432,"24,612,553","2,333.40",10548,Unified                  ,171,90,83,0,83,92.22,68,0,68,75.56,67,74.44,0,36.34,50.62,4.96,1.0,0.0,0.0,1.2852723374921418,75.39675672802915
114,Sierra Sands Unified,15,73742,"50,111,517","4,823.10",10390,Unified                  ,355,110,99,0,99,90.0,75,0,75,68.18,74,67.27,0,223.06,253.4,18.28,14.8,0.0,4.84,1.565594572843624,68.3231754691519
115,Simi Valley Unified,56,72603,"166,206,169","15,970.40",10407,Unified                  ,1518,502,466,0,466,92.83,377,0,377,75.1,370,73.71,0,683.62,703.57,49.0,19.85,0.0,90.4,3.889067721850923,76.5766318177763
116,Snowline Joint Unified,36,73957,"78,965,925","7,047.20",11205,Unified                  ,553,204,169,0,169,82.84,135,0,135,66.18,128,62.75,0,322.1,261.76,23.0,7.23,0.0,11.0,1.7662062537130632,63.85829442420495
117,South Pasadena Unified,19,65029,"48,612,678","4,643.80",10468,Unified                  ,391,230,214,2,216,93.91,187,2,189,82.17,186,80.87,0,198.61,134.89,15.0,9.1,0.0,12.1,2.2222645853272263,82.66714537015413
118,Tehachapi Unified,15,63826,"41,692,206","4,137.20",10078,Unified                  ,344,90,77,1,78,86.67,55,1,56,62.22,52,57.78,0,182.94,181.08,10.99,4.0,0.0,11.39,1.2544006608577483,58.50479270184361
119,Temecula Valley Unified,33,75192,"266,975,514","26,992.70",9891,Unified                  ,2534,1542,1325,1,1326,85.99,976,0,976,63.29,946,61.35,0,1190.27,976.52,66.12,29.23,1.0,142.0,15.136391278029574,70.63617604907114
120,Temple City Unified,19,65052,"56,519,709","5,697.60",9920,Unified                  ,548,352,326,0,326,92.61,314,2,316,89.77,306,86.93,0,245.2,320.09,13.0,12.5,0.0,18.8,1.5381344813155815,88.26710030460765
121,Templeton Unified,40,68841,"23,877,711","2,265.70",10539,Unified                  ,218,99,95,0,95,95.96,72,0,72,72.73,72,72.73,0,105.19,97.8,7.0,5.39,0.0,10.99,1.2461460508810158,73.63632202280577
122,Torrance Unified,19,65060,"232,233,604","22,535.30",10305,Unified                  ,2003,1004,893,2,895,89.14,754,1,755,75.2,734,73.11,0,932.69,1097.7,68.12,37.54,0.0,65.6,3.008103691427214,75.30922460880244
123,Travis Unified,48,70565,"54,296,711","5,258.40",10326,Unified                  ,435,223,194,0,194,87.0,131,0,131,58.74,128,57.4,0,232.82,211.42,15.9,6.0,0.0,17.8,1.30163617184352,58.147139162638176
124,Turlock Unified,50,75739,"142,328,712","13,406.60",10616,Unified                  ,1194,510,384,0,384,75.29,258,0,258,50.59,243,47.65,0,608.09,596.59,44.49,15.98,0.0,30.7,1.3713485155153222,48.30344756764305
125,Tustin Unified,30,73643,"241,071,049","23,185.60",10397,Unified                  ,1875,1093,912,5,917,83.9,763,5,768,70.27,745,68.16,0,874.8,888.49,55.0,27.1,0.0,107.95,5.867315601131572,72.15916231373127
126,Upland Unified,36,75069,"114,965,358","10,355.40",11102,Unified                  ,864,404,321,0,321,79.46,218,0,218,53.96,207,51.24,0,459.75,383.58,23.0,15.0,1.0,19.8,29.36809733935467,66.28821307668534
127,Vacaville Unified,48,70573,"115,039,998","10,849.50",10603,Unified                  ,970,446,360,1,361,80.94,286,1,287,64.35,277,62.11,0,568.41,478.54,42.45,13.4,0.0,33.8,0.4279057992395278,62.375772291907666
128,Val Verde Unified,33,75242,"216,557,916","19,355.20",11189,Unified                  ,1590,1417,539,0,539,38.04,240,0,240,16.94,227,16.02,0,796.84,791.19,48.0,27.0,0.0,42.2,3.6270905790639207,16.60105991076604
129,Ventura Unified,56,72652,"174,441,131","15,905.90",10967,Unified                  ,1397,578,506,0,506,87.54,367,0,367,63.49,357,61.76,0,689.45,688.55,48.0,40.22,0.0,55.28,2.7099690152435643,63.43367686381442
130,Visalia Unified,54,72256,"291,946,925","27,508.20",10613,Unified                  ,2129,582,459,0,459,78.87,313,0,313,53.78,298,51.2,0,1127.59,1340.64,75.4,14.6,0.0,87.42,42.02978032266917,72.71924752520663
131,Walnut Valley Unified,19,73460,"139,190,651","13,968.40",9965,Unified                  ,1491,1107,1001,15,1016,91.78,944,15,959,86.63,930,84.01,0,568.45,486.85,32.75,34.0,0.0,46.3,1.1401957821950903,84.96787847662209
132,Western Placer Unified,31,66951,"69,186,158","6,672.10",10370,Unified                  ,745,189,154,1,155,82.01,99,1,100,52.91,98,51.85,0,441.89,331.15,49.2,7.0,0.0,41.2,1.071612755415894,52.405631213683144
133,Willows Unified,11,62661,"13,007,961","1,372.50",9478,Unified                  ,113,32,25,0,25,78.13,15,0,15,46.88,15,46.88,0,59.84,45.43,6.0,4.0,0.0,2.0,1.2993779278741713,47.489148372587415
134,Windsor Unified,49,75358,"42,600,097","3,741.40",11386,Unified                  ,449,141,117,0,117,82.98,67,0,67,47.52,64,45.39,0,0.0,0.0,0.0,0.0,0.0,0.0,1.1799216080088948,45.925566417875245
135,Wiseburn Unified,19,76869,"26,316,486","2,440.60",10783,Unified                  ,429,214,169,0,169,78.97,111,0,111,51.87,106,49.53,0,198.84,151.63,18.35,12.96,0.0,20.08,7.748858735266623,53.368009731577565
136,Yosemite Unified,20,76414,"17,989,023","1,590.20",11312,Unified                  ,223,90,74,0,74,82.22,50,0,50,55.56,49,54.44,0,92.05,95.97,12.94,1.8,0.0,4.31,1.4836288443018628,55.24768754283793
137,Yucaipa-Calimesa Joint Unified,36,67959,"87,542,068","8,006.80",10933,Unified                  ,773,336,276,0,276,82.14,211,0,211,62.8,203,60.42,0,430.35,383.62,28.0,15.0,0.0,24.6,7.20250884130274,64.77175584191511
