DISTRICT,CO,CDS,EDP 365,Current Expense ADA,Current Expense per ADA,LEA Type,enroll12,NumTstTakr,NumCurrElaBenchmark,NumPreElaBenchmark,TotNumElaBenchmark,PctElaBenchmark,NumCurrMathBenchmark,NumPreMathBenchmark,TotNumMathBenchmark,PctMathBenchmark,TotNumBothBenchmark,PctBothBenchmark,District Administrative Support:,District Administrators:,Elementary Guidance Counselors:,Elementary:,Instruc. Coordinators &amp; Supervisors:,Instructional Aides:,Kindergarten:,Librarians/Media Specialists:,Library/Media Support:,Other Support Services:,Prekindergarten:,School Administrative Support:,School Administrators:,Secondary Guidance Counselors:,Secondary:,Student Support Services:,Ungraded:
ABC Unified,19,64212,"215,049,027","19,855.30","10,831",Unified                  ,1810,1005,822,6,828,82.39,665,5,670,66.67,644,64.08,36,8,1,469.07,19.9,148.3,67.58,0,0,416.44,0,81.13,56,9,288.3,83.6,3.67
Acalanes Union High,7,61630,"74,213,974","5,404.70","13,731",High                     ,1426,761,728,3,731,96.06,676,3,679,89.22,673,88.44,14,4,0,0.13,4,27.46,0,0,0,55.39,0,29,8.5,16.6,276.57,15.8,1.5
Acton-Agua Dulce Unified,19,75309,"14,550,055","1,026.60","14,173",Unified                  ,1180,134,97,0,97,72.39,66,0,66,49.25,64,47.76,5,1,3,258.38,75.14,105.29,37.08,0,0,66.52,0,180.63,57.47,5.7,323.27,85.76,22.22
Alameda Unified,1,61119,"108,302,935","9,066.40","11,946",Unified                  ,946,551,465,1,466,84.57,398,1,399,72.41,391,70.96,35.02,6,4.25,286.09,44.58,134.88,38.25,0,0,165.96,0,63.74,34.7,5,156.65,37.85,6.48
Albany City Unified,1,61127,"45,683,532","3,537.40","12,914",Unified                  ,279,166,156,0,156,93.98,148,0,148,89.16,146,87.95,14,2,2,99.96,15.25,41.42,12.3,4,0,59.13,0,16.95,7.98,3.6,56.68,8.4,1.2
Alhambra Unified,19,75713,"199,924,954","16,352.40","12,226",Unified                  ,1946,1180,972,0,972,82.37,859,0,859,72.8,799,67.71,76,13,0,321.29,70.58,342,52.5,0,0,324,0,146,50.89,17.75,264.28,80.84,6.25
Alvord Unified,33,66977,"222,113,522","17,977.80","12,355",Unified                  ,1545,1358,619,0,619,45.58,334,0,334,24.59,295,21.72,63.75,7,25,454.08,58.98,150.91,76.5,1,0,356.25,0,74.5,46,15,257.73,85.9,0
Amador County Unified,3,73981,"33,806,573","3,732.10","9,058",Unified                  ,322,88,79,0,79,89.77,60,0,60,68.18,59,67.05,13.94,3,2,91.48,6,15.43,14.4,0,0,71.7,0,32.29,12.16,4.3,55.74,1.2,0
Anaheim Union High,30,66431,"340,884,951","29,121.20","11,706",High                     ,5328,2101,1623,5,1628,77.49,1150,6,1156,55.02,1103,52.5,76.5,7,16,384.73,15,332.78,0,0,0,498.21,0,191.46,57.76,38.88,779.48,32.1,16
Anderson Union High,45,69856,"18,836,322","1,441.70","13,065",High                     ,436,126,101,0,101,80.16,70,0,70,55.56,65,51.59,5.1,1.5,0,0,1.5,17.27,0,0,0,29.26,0,10,5.8,6.7,86,2.2,0
Anderson Valley Unified,23,65540,"7,752,326",452.7,"17,124",Unified                  ,36,15,10,0,10,66.67,6,0,6,40,6,40,4,1,0,17.24,3.54,12.05,2,0,0,21.05,0,4,3,0,14.3,1.86,0
Antelope Valley Union High,19,64246,"256,184,424","19,360.50","13,232",High                     ,5667,1875,1172,1,1173,62.56,577,1,578,30.83,547,29.17,69,7,0,22.72,61.28,363.1,0,0,0,288,0,267,91,59.45,961.54,51.95,11.31
Antioch Unified,7,61648,"189,826,404","15,718.30","12,077",Unified                  ,1507,420,320,0,320,76.19,202,0,202,48.1,196,46.67,48.75,7.5,21.6,408.81,25.97,195.27,58.52,0.5,0,316.92,0,102.81,46.7,10,225.82,30.6,0.8
Apple Valley Unified,36,75077,"142,832,814","12,256.10","11,654",Unified                  ,1024,301,211,0,211,70.1,120,0,120,39.87,112,37.21,36.79,3,5.88,354.08,31.31,231.53,55.92,0,0,186.28,0,68.42,36.18,9,182.6,19.62,0.14
Arcadia Unified,19,64261,"101,395,950","9,209.90","11,009",Unified                  ,892,637,600,1,601,94.35,572,1,573,89.95,560,87.91,16.52,5,3.5,216.95,44.76,97.7,30.08,0,0,195.4,0,32.84,19.33,10.5,131.95,24.34,1.3
Atascadero Unified,40,68700,"45,624,457","4,484.00","10,175",Unified                  ,362,103,97,0,97,94.17,76,0,76,73.79,75,72.82,7.37,2,2.15,112.03,7.8,112.73,15.89,0,0,102.23,0,25.26,13.3,4.6,67.71,24.25,2.46
Azusa Unified,19,64279,"107,281,500","7,964.30","13,470",Unified                  ,683,249,152,0,152,61.04,80,0,80,32.13,71,28.51,43.26,6,4,217.65,31,147.23,36.17,0,0,149.12,0,64.98,26,8.8,121.84,17,3
Baldwin Park Unified,19,64287,"162,058,735","12,470.50","12,995",Unified                  ,1923,571,402,1,403,70.58,209,0,209,36.6,196,34.33,39.5,4,3,358.64,25.75,230.92,57.67,0,0,376.12,0,88.26,105.05,20.4,341.13,63,44.37
Banning Unified,33,66985,"54,654,399","4,226.20","12,932",Unified                  ,354,104,63,0,63,60.58,39,0,39,37.5,29,27.88,23.5,0,0,0,0,51.43,0,0,0,122.45,0,26,0,0,0,0,0
Barstow Unified,36,67611,"65,007,114","5,792.00","11,224",Unified                  ,377,85,55,0,55,64.71,37,0,37,43.53,33,38.82,26,3,8,152.55,16,150,21.92,0,0,43,0,55,18,5,71.39,2,0
Bassett Unified,19,64295,"47,437,464","3,415.90","13,887",Unified                  ,302,144,78,0,78,54.17,55,0,55,38.19,49,34.03,24,3,5,84.5,20.7,42.66,16,0,0,98.49,0,21.25,11,4,49.73,8,1
Bear Valley Unified,36,67637,"27,454,822","2,330.00","11,783",Unified                  ,195,58,51,0,51,87.93,45,0,45,77.59,43,74.14,13.47,0,1,62.59,7.5,30.08,8.94,0,0,54.28,0,19.99,7.7,2,36.02,0.7,3.85
Beaumont Unified,33,66993,"100,905,897","9,517.90","10,602",Unified                  ,672,562,290,0,290,51.6,130,0,130,23.13,125,22.24,35.44,5,7,249.87,27.6,71.66,36.06,0,0,169.82,0,42.03,25.2,5.5,109.68,30.1,0.91
Bellflower Unified,19,64303,"134,921,182","11,557.60","11,674",Unified                  ,930,344,257,0,257,74.71,163,0,163,47.38,153,44.48,17.5,6,2.67,293.89,51.2,103.47,44.17,0,0,152.85,0,52.82,29.5,15,182.2,17.5,2
Benicia Unified,48,70524,"45,151,119","4,578.20","9,862",Unified                  ,426,217,196,0,196,90.32,172,0,172,79.26,168,77.42,14.5,1.5,2,105.17,4.5,38.81,12.33,0,0,68.05,0,24.2,11.6,5.5,68.2,12.5,0
Berkeley Unified,1,61143,"144,637,240","9,345.80","15,476",Unified                  ,878,450,378,1,379,84.22,298,1,299,66.44,294,65.33,57.8,8,7.6,290.77,100.93,145.2,38.7,0,0,219.4,0,35.64,34,10.4,168.71,27.9,11.6
Beverly Hills Unified,19,64311,"65,551,729","3,773.70","17,371",Unified                  ,399,218,207,1,208,95.41,185,1,186,85.32,184,84.4,16.5,2,2,129.83,28.9,43.78,12.5,0,0,86.92,0,35,13.94,7.8,82.5,14.9,2.17
Bishop Unified,14,76687,"20,968,529","1,823.90","11,497",Unified                  ,154,53,42,0,42,79.25,29,0,29,54.72,27,50.94,8,1,0.6,49.11,2.15,43.01,6.75,0,0,49.36,0,10.55,7,1,31.76,4,0
Black Oak Mine Unified,9,73783,"10,609,128",992.7,"10,687",Unified                  ,100,30,28,0,28,93.33,22,0,22,73.33,21,70,4.63,0,0,29.87,2.75,11.3,5.37,0,0,44.46,0,7.12,4.59,0,19.93,0,1.25
Bonita Unified,19,64329,"102,533,880","9,733.30","10,534",Unified                  ,842,446,366,0,366,82.06,260,0,260,58.3,247,55.38,31.07,4,6.75,226.84,30.63,93.19,36.67,0,0,153.01,0,48.37,21,8.5,141.27,29,1
Bonsall Unified,37,76851,"23,927,811","2,264.10","10,568",Unified                  ,92,38,32,0,32,84.21,20,0,20,52.63,19,50,10,1.5,1,95.7,7.18,36,15.75,0,0,42,0,38.5,10,0,27.07,21.7,0
Borrego Springs Unified,37,67983,"6,119,134",379.7,"16,116",Unified                  ,268,26,17,0,17,65.38,7,0,7,26.92,7,26.92,2,1.4,0,11.93,5.35,13,2,0,0,20,0,30.1,6.45,4,83.1,1.4,3.48
Brawley Union High,13,63081,"22,271,328","1,757.00","12,676",High                     ,450,155,104,0,104,67.1,60,0,60,38.71,57,36.77,9,1,0,0,4,1,0,0,0,2,0,12,3,5,77.4,1,0
Brea-Olinda Unified,30,66449,"56,497,884","5,714.80","9,886",Unified                  ,480,204,189,1,190,93.14,159,1,160,78.43,156,76.47,11.2,2,0.6,133.03,7.5,81.07,21.13,0,0,37.8,0,30.8,14.3,5.9,71.93,26.8,0.82
Bret Harte Union High,5,61556,"10,510,411",621.9,"16,902",High                     ,163,63,57,0,57,90.48,47,0,47,74.6,45,71.43,3,0.25,0,0,0,13.47,0,0,0,34.08,0,4,1.49,1,37.71,1.66,0.43
Burbank Unified,19,64337,"156,850,436","14,574.20","10,762",Unified                  ,1361,669,587,0,587,87.74,485,0,485,72.5,466,69.66,51.71,9.55,9,344.48,72.8,153.47,48.58,0,0,220.87,0,78.69,33.95,11,234.72,40.7,7.67
Burton Elementary,54,71837,"47,919,869","4,757.40","10,073",Elementary               ,87,32,19,0,19,59.38,8,0,8,25,8,25,17.32,2,1,157.14,10.5,67.67,24.02,0,0,65.08,0,15.83,17.62,0,21.75,14,0
Cabrillo Unified,41,68890,"36,926,961","3,089.90","11,951",Unified                  ,274,115,89,1,90,78.26,77,1,78,67.83,74,64.35,14,1,2,75.26,13.07,26.34,12.25,0,0,56.87,0,19.52,10.1,2.9,43.84,11,0.15
Calaveras Unified,5,61564,"30,556,709","2,667.70","11,454",Unified                  ,230,86,71,0,71,82.56,60,0,60,69.77,57,66.28,14.75,1.8,0,71.41,6.52,55.08,10.75,0,0,68.13,0,17.76,12.68,1,45.94,1,0
Calexico Unified,13,63099,"103,545,070","8,763.20","11,816",Unified                  ,740,220,151,0,151,68.64,97,0,97,44.09,84,38.18,34,4.5,9,222.2,35,59.91,29,0,0,264.76,0,46.89,18,7,137.8,18.1,0
Calipatria Unified,13,63107,"14,695,227","1,118.90","13,134",Unified                  ,95,31,24,0,24,77.42,16,0,16,51.61,15,48.39,7.5,1,1,39.47,1,9.37,5.33,0,0,30.82,0,8,3,2,22,1,0
Calistoga Joint Unified,28,66241,"14,762,640",821.4,"17,972",Unified                  ,50,26,15,0,15,57.69,10,0,10,38.46,9,34.62,1,1.84,0,24.98,6.13,14,4,0,0,17.51,0,4,4,1,15.56,1,0
Campbell Union High,43,69401,"99,615,719","7,589.20","13,126",High                     ,1912,1033,935,1,936,90.61,772,1,773,74.83,756,73.18,8.75,2,0,0.2,9.7,30,0,0,0,33,0,23,24.3,23.5,352.1,17.6,0.2
Capistrano Unified,30,66464,"471,585,268","45,844.10","10,287",Unified                  ,4606,2156,2028,8,2036,94.43,1691,7,1698,78.76,1671,77.5,95.7,10,6.5,0,35.97,445.36,139.71,0,0,777.57,0,204.87,105.62,4,695.79,143.9,14.88
Carlsbad Unified,37,73551,"110,042,716","10,888.90","10,106",Unified                  ,950,483,451,2,453,93.79,380,2,382,79.09,377,78.05,27.73,3,5,262.7,21.25,82.05,32.08,0,0,160.68,0,46.33,23.7,9,143.72,33,1.96
Carmel Unified,27,65987,"53,157,863","2,362.10","22,504",Unified                  ,213,30,29,1,30,100,27,1,28,93.33,28,93.33,13.63,2,4.2,80.25,21.5,46.68,10,0,0,76.39,0,17.45,7.75,4,55.65,5,0.4
Carpinteria Unified,42,69146,"29,489,369","2,092.30","14,094",Unified                  ,173,63,48,0,48,76.19,37,0,37,58.73,35,55.56,10.38,1,4,60.27,2.5,40.92,10.33,0,0,49.08,0,12.26,7,2.8,35.4,9,0
Caruthers Unified,10,75598,"16,839,657","1,388.30","12,130",Unified                  ,138,54,28,0,28,51.85,15,0,15,27.78,14,25.93,6,1,1,38.27,1.33,19.5,7,0,0,27.5,0,11,4.9,1.8,32.4,0,0
Castro Valley Unified,1,61150,"92,677,106","8,951.20","10,354",Unified                  ,775,461,425,0,425,92.19,360,0,360,78.09,352,76.36,36.13,4.4,5.85,217.63,37.36,92.6,30.82,0,0,99.49,0,39.37,21.77,8.1,130.33,22.3,2
Center Joint Unified,34,73973,"47,920,959","4,066.00","11,786",Unified                  ,322,81,69,0,69,85.19,62,0,62,76.54,54,66.67,17.81,3,2,111.76,12.37,64.91,15.25,0,0,99.65,0,21.38,12,3.61,67.51,12.71,0
Centinela Valley Union High,19,64352,"84,386,542","5,964.60","14,148",High                     ,1866,810,443,0,443,54.69,207,0,207,25.56,193,23.83,33.75,4,0,0,35.77,64,0,0,0,140.8,0,54.7,19.02,15.83,332.4,12.5,2.83
Central Unified,10,73965,"161,722,109","15,004.60","10,778",Unified                  ,1036,395,269,0,269,68.1,151,0,151,38.23,144,36.46,1,0,3.7,57.2,4,87.9,9,5.7,4.5,33,2.5,13.92,10.5,5,71.6,9.8,6.05
Central Union High,13,63115,"46,981,609","3,979.20","11,807",High                     ,924,304,236,0,236,77.63,153,0,153,50.33,143,47.04,13,2,0,0,7,29.25,0,0,0,93,0,25.5,7,15.8,187.03,2.39,0.67
Ceres Unified,50,71043,"144,409,508","12,971.00","11,133",Unified                  ,1038,434,257,0,257,59.22,119,0,119,27.42,109,25.12,59.94,8,8.4,373.18,33.5,212.04,62.56,0,0,367.7,0,122.44,42.93,15.05,185.89,70.53,1.67
Chaffey Joint Union High,36,67652,"264,390,996","22,743.00","11,625",High                     ,6014,3244,2381,4,2385,73.52,1655,3,1658,51.11,1563,48.18,74.38,13,0,0,18.91,172.3,0,0,0,345.83,0,168.09,41.06,55.38,964.09,28.67,15.38
Charter Oak Unified,19,64378,"51,054,738","4,613.10","11,067",Unified                  ,443,229,171,1,172,75.11,127,0,127,55.46,122,53.28,23.66,3,2,113.39,4.6,60.5,16.94,0,0,85.78,0,25.78,12.96,3.98,67.94,16.5,1
Chawanakee Unified,20,75606,"7,402,827",626.2,"11,822",Unified                  ,120,33,22,0,22,66.67,8,0,8,24.24,8,24.24,8.47,2,0,19.71,2.13,10.42,2.13,0,0,29.22,0,6.7,5,1,31.4,1.47,0
Chico Unified,4,61424,"130,799,476","11,614.40","11,262",Unified                  ,1113,396,350,1,351,88.64,305,1,306,77.27,294,74.24,49.5,3,13.9,367.66,17.89,299.28,58.4,0,0,238.62,0,71.97,36.55,13,196.37,44.67,4.26
Chino Valley Unified,36,67678,"274,295,122","27,068.70","10,133",Unified                  ,2459,2324,1452,1,1453,62.52,930,1,931,40.06,875,37.65,101.41,11,2.05,619.02,140.14,170.41,83.46,0,0,349.14,0,180.69,69.67,15,401.75,51.52,4.08
Chowchilla Union High,20,65201,"11,966,815","1,012.40","11,820",High                     ,238,64,48,0,48,75,22,0,22,34.38,21,32.81,4,1,0,0,0.8,8,0,0,0,29.75,0,5,2.9,3,50.35,2.95,0
Chula Vista Elementary,37,68023,"264,265,365","22,631.30","11,677",Elementary               ,155,128,76,0,76,59.38,36,0,36,28.13,32,25,83.5,17,8.82,0,231.54,387.6,211.49,0,0,337.7,0,154.5,75.88,0,39.5,142.21,0
Claremont Unified,19,64394,"72,975,758","6,758.00","10,798",Unified                  ,665,403,353,3,356,88.34,285,3,288,71.46,282,69.98,29.13,6.38,2,159.87,15.54,85.17,23.83,0,0,108,0,30.02,15.8,6,97.48,23.7,1.34
Cloverdale Unified,49,70656,"16,975,853","1,348.00","12,593",Unified                  ,111,32,25,0,25,78.13,17,0,17,53.13,17,53.13,6.5,1,1,41.88,7.5,18.67,6,0,0,26.98,0,6.44,5,1.6,22.4,2.8,0
Clovis Unified,10,62117,"424,999,863","40,856.90","10,402",Unified                  ,3428,1696,1443,1,1444,85.14,1074,1,1075,63.38,1032,60.85,111.07,32.62,13.23,972.77,213.96,523.3,146.31,0,0,920.29,0,206.13,180.55,25.62,584.24,166.07,1.02
Coachella Valley Unified,33,73676,"241,945,479","17,263.30","14,015",Unified                  ,1316,483,221,0,221,45.76,92,0,92,19.05,82,16.98,49,7,7,510.48,27.91,243,73.95,1,0,281.5,0,93,50.8,15,226.42,36.2,1.27
Coalinga-Huron Unified,10,62125,"51,702,419","4,194.20","12,327",Unified                  ,299,59,38,0,38,64.41,20,0,20,33.9,16,27.12,7,2,6,109.89,27.2,40.02,17.87,0,0,121.25,0,15.59,12.56,5.66,57.58,7.8,3.38
Coast Unified,40,75465,"11,790,929",576.7,"20,446",Unified                  ,67,31,25,0,25,80.65,22,0,22,70.97,21,67.74,8.5,1,0,20.45,1.2,11.97,2,0,0,25.94,0,6.19,3.25,1,16.2,2.8,0
Colton Joint Unified,36,67686,"251,850,973","21,322.30","11,812",Unified                  ,1664,537,340,0,340,63.31,166,0,166,30.91,147,27.37,76.69,7,12,584.36,116.07,231.25,82.15,1,0,459.75,0,140.63,66,19,319.01,37.8,4.69
Colusa Unified,6,61598,"14,552,036","1,416.80","10,271",Unified                  ,109,42,29,0,29,69.05,24,0,24,57.14,22,52.38,3,0,0,42.51,2.7,16.46,7.09,0,0,23.23,0,10,5,1,21.66,0.3,0
Compton Unified,19,73437,"276,015,828","20,979.00","13,157",Unified                  ,1403,894,269,0,269,30.09,83,0,83,9.28,72,8.05,153,2,11.5,574.61,81.09,291.5,84.25,0,0,555.25,0,133.6,111.75,17.5,220.65,113.49,55.87
Conejo Valley Unified,56,73759,"183,305,848","18,101.70","10,126",Unified                  ,1838,992,945,0,945,95.26,827,0,827,83.37,817,82.36,72.22,4,9,441.88,41.42,133.33,65.56,0,0,209.33,0,107.34,50,16,290.55,45.9,0
Corcoran Joint Unified,16,63891,"36,369,862","3,139.10","11,586",Unified                  ,190,70,29,0,29,41.43,13,0,13,18.57,10,14.29,3,4,1,91.81,21.14,22.48,13.25,0,0,15.63,0,20.75,12,2,40.76,2,0
Corning Union High,52,71506,"11,492,215",919.1,"12,503",High                     ,235,68,44,0,44,64.71,23,0,23,33.82,22,32.35,6.8,0,0,0,0,15.05,0,0,0,18.1,0,4.48,10.65,4.32,43.33,0.2,5.72
Corona-Norco Unified,33,67033,"557,879,039","51,022.50","10,934",Unified                  ,4536,2344,1861,4,1865,79.56,1375,3,1378,58.79,1315,56.1,97.32,12,9,0,82.44,537.48,175.5,0,0,656.55,0,234.6,117,46,711.6,145,8.35
Coronado Unified,37,68031,"35,037,167","2,840.90","12,333",Unified                  ,312,213,203,0,203,95.31,176,0,176,82.63,173,81.22,10,1,1,63.6,5.3,41.72,7.5,0,0,40.47,0,15.96,9,3.1,54.5,8,0.5
Cotati-Rohnert Park Unified,49,73882,"63,609,131","5,506.80","11,551",Unified                  ,483,185,153,0,153,82.7,119,0,119,64.32,117,63.24,20,2,3,154.94,22.89,63.78,25.17,0,0,57.86,0,31.57,21.27,4.95,99.76,15.2,7.5
Covina-Valley Unified,19,64436,"138,207,734","11,388.80","12,135",Unified                  ,1185,1121,524,0,524,46.74,313,0,313,27.92,285,25.42,41,5,3,267.74,33.6,116.78,50.97,0,0,197.18,0,69.59,29.8,9.5,182.3,25.5,6.1
Culver City Unified,19,64444,"79,473,441","6,744.30","11,784",Unified                  ,520,292,259,0,259,88.7,162,0,162,55.48,160,54.79,20.75,5.5,5.6,173.22,21.25,166.27,28,0,0,50.32,0,33.38,12.9,9.4,94.89,29.8,0
Cutler-Orosi Joint Unified,54,71860,"46,621,835","3,985.30","11,699",Unified                  ,319,145,62,0,62,42.76,27,0,27,18.62,22,15.17,22.93,3,5,112.04,28.08,100.75,19,0,0,75.99,0,16.5,14.97,2.99,55.8,3,0
Davis Joint Unified,57,72678,"92,803,867","7,695.40","12,060",Unified                  ,723,504,471,2,473,93.85,445,2,447,88.69,440,87.3,38.15,4,8.7,217.29,69.53,170.2,27.89,0,0,123.96,0,41.11,19.19,8.3,135.85,25.75,0
Dehesa Elementary,37,68049,"3,812,067",133.8,"28,497",Elementary               ,293,31,29,0,29,93.55,13,0,13,41.94,13,41.94,0,0,0,145.49,107.25,83.46,27.88,0,0,28.91,0,114.52,22.34,0,139.35,70.24,17.19
Del Norte County Unified,8,61820,"40,373,281","3,366.50","11,993",Unified                  ,254,72,56,0,56,77.78,42,0,42,58.33,39,54.17,23.29,1.7,5,100.36,15.38,77.11,14.83,0,0,106.94,0,22.93,13,2,45.4,10.6,0
Delano Joint Union High,15,63412,"53,911,865","4,067.20","13,255",High                     ,1014,473,279,0,279,58.99,170,0,170,35.94,151,31.92,16,3,0,0,5.59,43.38,0,0,0,59,0,42.5,11,12,184.92,5,3.17
Delhi Unified,24,75366,"30,919,811","2,456.90","12,585",Unified                  ,188,95,57,0,57,60,18,0,18,18.95,16,16.84,16.38,1,1.6,69.9,10.37,20.52,11.5,0,0,57.04,0,25.73,9,2.3,36.1,2,1
Denair Unified,50,71068,"15,306,491","1,212.80","12,621",Unified                  ,161,24,15,1,16,66.67,8,1,9,37.5,8,33.33,5.63,1,0.8,20.71,1,22.42,5,0,0,28.4,0,11,4,1,15.68,6.83,0
Desert Sands Unified,33,67058,"310,219,104","24,791.10","12,513",Unified                  ,2234,967,698,0,698,72.18,378,0,378,39.09,366,37.85,73.25,10,30.8,677.88,72.68,244.79,97.14,0,0,508.63,0,153.34,66.5,22,362.48,47.2,8.75
Dinuba Unified,54,75531,"71,708,443","6,277.30","11,423",Unified                  ,502,143,86,0,86,60.14,36,0,36,25.17,35,24.48,22.5,2.5,0,139.61,14.81,66.77,25,0,0,105.25,0,31.56,23,4,89.53,7,22.09
Dixon Unified,48,70532,"33,029,113","3,061.00","10,790",Unified                  ,310,120,85,0,85,70.83,74,0,74,61.67,65,54.17,15.25,2,1,84.05,4.5,37.53,12.43,0,0,52.39,0,19.14,11.6,2.9,57.07,7.2,1.69
Dos Palos Oro Loma Joint Unified,24,75317,"26,654,580","2,262.90","11,779",Unified                  ,188,69,36,0,36,52.17,23,0,23,33.33,21,30.43,15.75,1,0.5,60.57,10,35,8.12,0,0,58,0,19.5,7,1.5,36.39,4,1.15
Downey Unified,19,64451,"255,027,469","21,096.40","12,089",Unified                  ,2036,1075,771,0,771,71.72,464,0,464,43.16,432,40.19,58.5,6,12,485,78.3,314.08,68.4,0,0,299.34,0,83.63,44,19.65,331.72,63.2,14.66
Duarte Unified,19,64469,"45,037,022","3,430.30","13,129",Unified                  ,309,108,68,0,68,62.96,45,0,45,41.67,40,37.04,18.75,3,0,101.66,10.98,68.38,15,0,0,70.81,0,25.98,20,5.8,79.47,7.8,6.3
Dublin Unified,1,75093,"107,678,950","11,044.60","9,749",Unified                  ,582,523,422,2,424,81.07,347,2,349,66.73,336,64.24,22,3.5,8.4,295.75,36.63,93.71,48.77,0,0,127.97,0,33.42,21.8,6,120.73,16.4,0.95
Durham Unified,4,61432,"10,113,069",968.4,"10,443",Unified                  ,61,36,30,0,30,83.33,15,0,15,41.67,13,36.11,3.88,1,0.5,29.23,0.4,7.97,4.17,0,0,22.6,0,4,2.6,1,15,2.7,0
East Nicolaus Joint Union High,51,71373,"3,391,998",296.8,"11,429",High                     ,76,35,24,0,24,68.57,20,0,20,57.14,17,48.57,0,0.5,0,0,0.5,0.25,0,0,0,5.25,0,4,1.5,0,15.3,0,0
East Side Union High,43,69427,"262,996,597","21,977.30","11,967",High                     ,6909,3420,2613,6,2619,76.58,2107,5,2112,61.75,2000,58.48,45,6,0,11,42.43,187.85,2,0,0,348.21,0,127.38,56.88,53.9,0,79.45,18.57
Eastern Sierra Unified,26,73668,"9,497,335",390.9,"24,299",Unified                  ,20,18,12,0,12,66.67,7,0,7,38.89,7,38.89,2,0.7,0,18.77,0,13.84,2.29,0,0,16.38,0,6,1.98,0,11.49,0,1
El Dorado Union High,9,61853,"71,521,973","6,273.10","11,401",High                     ,1630,771,700,2,702,91.05,639,2,641,83.14,614,79.64,23,2,0,0.05,8.29,39.18,0,0.8,0,115.45,0,43.31,19.35,16.5,279.41,9.2,1.53
El Monte Union High,19,64519,"119,220,411","8,376.40","14,233",High                     ,2309,1836,993,0,993,54.08,650,0,650,35.4,581,31.64,32.23,2,0,0,9.83,55.7,0,0,0,155.29,0,84.94,14,33,404.06,19,5
El Rancho Unified,19,64527,"93,952,601","8,239.90","11,402",Unified                  ,728,398,253,0,253,63.57,159,0,159,39.95,149,37.44,20,4.65,3.99,194.42,29.48,91.75,31.83,0,0,177.25,0,35.75,20.99,10,118.63,33,4.14
El Segundo Unified,19,64535,"36,577,956","3,371.20","10,850",Unified                  ,275,169,162,0,162,95.86,132,0,132,78.11,132,78.11,9.75,0,2,76.47,11.4,34.42,11,0.5,0,36.57,0,13.76,8.8,3,51.57,11,0
El Tejon Unified,15,75168,"8,038,408",651.9,"12,330",Unified                  ,79,23,18,0,18,78.26,10,0,10,43.48,10,43.48,2.88,2,0,20.83,0,7.05,3.33,0,0,23.82,0,5.88,2.5,0.37,12.43,0.56,0
Elk Grove Unified,34,67314,"661,563,883","59,748.80","11,072",Unified                  ,4915,2623,2061,3,2064,78.69,1585,3,1588,60.54,1503,57.3,176.92,13,26,0,340.33,713.27,201.35,0,0,0,0,302.2,156.18,51.9,914.54,109.5,41.12
Emery Unified,1,61168,"11,468,178",646,"17,754",Unified                  ,39,25,13,0,13,52,6,0,6,24,6,24,0,1,0,22,6,2,4,0,0,12.2,0,3,3,1,14.69,2,0
Escalon Unified,39,68502,"24,966,773","2,488.20","10,034",Unified                  ,207,74,65,0,65,87.84,48,0,48,64.86,47,63.51,8,1,1,75.94,8,25.85,13,0,0,53.4,0,15.16,9,2.95,42.37,5.5,0
Escondido Union High,37,68106,"91,663,311","7,015.20","13,066",High                     ,2425,1098,856,2,858,78.14,573,1,574,52.28,552,50.27,25.54,5,0,0,38.71,70.43,0,0,0,169.01,0,60.59,29.4,23.5,419.63,26.87,6.75
Esparto Unified,57,72686,"10,700,299",876.5,"12,208",Unified                  ,80,51,26,0,26,50.98,14,0,14,27.45,14,27.45,1,1,0,22.44,2.18,11,4,0,0,25,0,7,3.05,1,16.06,2.4,0
Exeter Unified,54,76836,"29,299,289","2,685.60","10,910",Unified                  ,273,66,53,0,53,80.3,26,0,26,39.39,26,39.39,8.75,4,1,62.6,11.5,24.02,10,0,0,65.94,0,15.29,12.7,1.8,41.71,2.45,0
Fairfield-Suisun Unified,48,70540,"208,430,635","20,576.80","10,129",Unified                  ,1622,550,431,0,431,78.36,295,0,295,53.64,277,50.36,87,7,5,523.65,130.19,203.56,80.67,1,0,442.71,0,109.96,51.7,13.7,274,56.36,7
Fall River Joint Unified,45,69989,"14,416,768","1,102.40","13,078",Unified                  ,77,24,23,0,23,95.83,22,0,22,91.67,21,87.5,8,0.55,0,36.16,4.5,22.53,6.14,0,0,37.13,0,9.25,6.34,1,22.75,2,0
Fallbrook Union High,37,68122,"28,408,432","2,034.60","13,963",High                     ,542,184,133,0,133,72.28,94,0,94,51.09,88,47.83,7,0,0,0,1,40.5,0,0,0,49,0,14.5,6,7.16,100.67,7,2.24
Farmersville Unified,54,75325,"30,294,612","2,395.10","12,649",Unified                  ,206,70,18,0,18,25.71,3,0,3,4.29,3,4.29,9,2,3.5,60.71,10.45,16.19,9,0,0,67.39,0,12.5,12.71,3.5,34.1,4,0
Fillmore Unified,56,72454,"43,580,211","3,588.20","12,146",Unified                  ,273,93,61,0,61,65.59,47,0,47,50.54,40,43.01,13.88,7,2,97.33,15.42,35.97,14.67,0,0,87.58,0,14.39,11,3,49.83,16.2,3.42
Firebaugh-Las Deltas Unified,10,73809,"27,694,504","2,179.80","12,705",Unified                  ,169,83,35,0,35,42.17,9,0,9,10.84,8,9.64,14,2,0,59.29,23.16,16.9,9.33,0,0,59.59,0,15.82,5.05,2,35.84,5.35,0.5
Folsom-Cordova Unified,34,67330,"208,367,798","19,356.30","10,765",Unified                  ,1553,663,607,3,610,92.01,546,3,549,82.81,535,80.69,55.29,11.5,9,523.75,19.5,275.95,71.09,0,0,335.53,0,91.49,55.73,13.93,277.32,71.69,6.5
Fontana Unified,36,67710,"427,721,458","35,572.90","12,024",Unified                  ,3111,1229,754,0,754,61.35,387,0,387,31.49,352,28.64,77.01,10,29,929.28,70.71,419.06,114.58,1,0,0,0,182.08,103.17,33,564.36,154.83,31.04
Fort Bragg Unified,23,65565,"21,463,854","1,684.60","12,741",Unified                  ,140,61,50,0,50,81.97,32,0,32,52.46,32,52.46,10,2,2,58.32,11.11,51.05,8.33,0,0,36.06,0,17.64,7.95,2.4,38.44,4,1
Fortuna Union High,12,62810,"12,517,768",986.8,"12,685",High                     ,242,82,65,0,65,79.27,43,0,43,52.44,40,48.78,4,1,0,0,1.95,6,0,0,0,22.5,0,8,2.7,2,50.3,3.8,0
Fowler Unified,10,62158,"28,644,859","2,498.90","11,463",Unified                  ,191,111,61,0,61,54.95,24,0,24,21.62,20,18.02,8.63,1,0.83,69.1,13.36,37.67,10.33,0,0,47.33,0,11.81,5.77,2,36.15,2.6,2.21
Fremont Unified,1,61176,"361,573,564","34,247.10","10,558",Unified                  ,2686,1716,1595,31,1626,94.76,1466,31,1497,87.24,1473,85.84,126.38,13,19,892.52,221.61,312.03,150.09,0,0,400.78,0,164.52,69,24,457.41,84.9,10.53
Fremont Union High,43,69468,"152,089,367","10,701.30","14,212",High                     ,2745,1731,1628,38,1666,96.24,1559,38,1597,92.26,1581,91.33,31.05,7.6,0,0,18.17,113.74,0,0,0,121.4,0,64.65,32.64,20.5,461.4,24.3,5
Fresno Unified,10,62166,"865,445,277","66,400.90","13,034",Unified                  ,4647,3272,1600,3,1603,48.99,806,2,808,24.69,727,22.22,290.35,38.4,26,0,512.68,763.39,349.67,0,0,0,0,588.15,241.02,58,830.28,359.76,20.75
Fullerton Joint Union High,30,66514,"147,014,641","13,208.50","11,130",High                     ,3611,1828,1545,16,1561,85.39,1319,16,1335,73.03,1287,70.4,40.46,6,0,0.27,17.96,84.49,0,0,0,189.56,0,61,31.9,27.5,498.19,38.88,9
Galt Joint Union High,34,67355,"25,551,894","2,021.50","12,640",High                     ,546,186,135,0,135,72.58,103,0,103,55.38,98,52.69,7.25,1,0,0.09,6.85,26.25,0,0,0,44.05,0,14.5,7.53,5,101.87,3,0
Garden Grove Unified,30,66522,"501,285,224","41,695.90","12,022",Unified                  ,3785,2209,1695,2,1697,76.82,1294,1,1295,58.62,1208,54.69,141.88,13,9,994.33,117.83,448.45,150.2,1,0,734.58,0,254.19,104,34,589.58,171.94,17
Gateway Unified,45,75267,"28,691,067","2,140.90","13,401",Unified                  ,182,47,32,0,32,68.09,16,0,16,34.04,16,34.04,14,2,2.6,69.85,13.8,68.39,10.95,0,0,78.42,0,20.19,10.4,2.95,37.93,9.1,3.25
Gilroy Unified,43,69484,"121,939,092","10,610.40","11,492",Unified                  ,919,396,320,1,321,81.06,230,0,230,58.08,222,56.06,17,9,6.5,270.3,61.13,128.06,34.67,0,0,125.22,0,61.42,27.43,9,170.54,20.7,1
Glendale Unified,19,64568,"294,016,618","25,121.00","11,704",Unified                  ,2071,916,808,5,813,88.76,696,5,701,76.53,674,73.58,82.75,7,9.6,607.34,93.45,271.13,90.32,0,0,451.12,0,104.16,58.1,15,331.55,70,5.83
Glendora Unified,19,64576,"76,250,695","7,188.70","10,607",Unified                  ,733,405,362,0,362,89.38,313,0,313,77.28,299,73.83,22.76,4,3.98,176.39,27.47,83.88,24.67,0,0,78.85,0,27.2,13.97,6.88,106.06,16,2
Golden Plains Unified,10,75234,"22,723,900","1,593.70","14,258",Unified                  ,91,47,17,0,17,36.17,7,0,7,14.89,7,14.89,3,1,0.8,51.65,5,27.55,6.75,0,0,55.97,0,11,6,1.2,24.2,0,0
Golden Valley Unified,20,75580,"19,334,798","1,881.00","10,279",Unified                  ,142,63,53,0,53,84.13,30,0,30,47.62,29,46.03,6,3,0.5,46.58,0.75,20.53,8.25,0,0,44.78,0,10.5,8.19,1.5,37.16,2.05,1
Gonzales Unified,27,75473,"29,003,295","2,261.40","12,826",Unified                  ,209,85,51,1,52,61.18,22,1,23,27.06,20,23.53,9,2.5,2,57.33,10.85,26.75,8.33,0,0,52.4,0,11.88,6,2,35.64,4.6,0
Gorman Joint,19,64584,"1,167,305",75.7,"15,424",Elementary               ,212,23,17,0,17,73.91,10,0,10,43.48,10,43.48,0,0.5,0,12.96,0.47,32.18,1.46,0,0,56,0,19.5,5,0,85.59,1.7,0
Gridley Unified,4,75507,"20,497,499","1,933.30","10,603",Unified                  ,143,40,36,0,36,90,31,0,31,77.5,28,70,7,0,0,52.15,4.56,24.42,7.4,0,0,38.16,0,17.86,1.9,1.95,31.04,2.4,2
Grossmont Union High,37,68130,"210,836,231","15,571.90","13,540",High                     ,5405,2261,1816,1,1817,80.36,1413,0,1413,62.49,1347,59.58,65.4,4,0,0.17,112.27,267.97,0,0,0,313.9,0,133.1,60.28,52.64,833.69,48.07,18.83
Gustine Unified,24,73619,"19,209,428","1,746.70","10,998",Unified                  ,147,66,42,0,42,63.64,16,0,16,24.24,16,24.24,8,0,1,50.51,1,31.32,7.2,0,0,53.46,0,10.44,7,2,28.59,7,0
Hamilton Unified,11,76562,"7,471,979",677.5,"11,028",Unified                  ,70,25,18,0,18,72,11,0,11,44,11,44,3,0.67,0.75,17.25,2.38,0,3,0,0,17.33,0,4,2.34,1,18.29,1,0
Hanford Joint Union High,16,63925,"40,885,640","3,547.10","11,527",High                     ,853,250,177,0,177,70.8,116,0,116,46.4,108,43.2,14.19,3,0,0,7,16,0,0,0,65.72,0,36.32,12.75,12,158.92,4,0
Hayward Unified,1,61192,"249,986,063","19,355.40","12,916",Unified                  ,1655,709,463,0,463,65.3,297,0,297,41.89,278,39.21,90.65,15,9.3,575.91,166.67,239.76,85.35,0,0,247.75,0,124.07,66.9,24.45,285.73,71.95,0.05
Healdsburg Unified,49,75390,"22,030,178","1,453.50","15,156",Unified                  ,149,62,50,0,50,80.65,37,0,37,59.68,36,58.06,9.5,1,1,44.31,7.25,16.5,5.5,0,0,39,0,13.89,5.8,2,33.17,3,0
Helendale Elementary,36,67736,"6,293,404",621.3,"10,130",Elementary               ,207,42,31,0,31,73.81,14,0,14,33.33,14,33.33,4,2,0.5,85.74,30.57,22.67,9.36,0,0,19.25,0,52.63,18.86,0.5,72.27,20.38,2.61
Hemet Unified,33,67082,"265,095,793","20,001.30","13,254",Unified                  ,1835,1227,579,0,579,47.19,283,0,283,23.06,268,21.84,31,8,10,560.36,116.3,315.2,72.75,2,0,622.82,0,141.66,67.6,17,318.02,48.6,8.63
Hesperia Unified,36,75044,"231,185,965","20,488.40","11,284",Unified                  ,2009,685,441,0,441,64.38,262,0,262,38.25,239,34.89,40.47,6,6,555.96,69.49,302.26,81.63,0,0,558.16,0,175.7,69.8,23.69,350.4,22.14,5.61
Hilmar Unified,24,65698,"24,552,775","2,254.20","10,892",Unified                  ,162,64,41,0,41,64.06,22,0,22,34.38,22,34.38,6.87,2,1.3,61.52,7.63,23.4,13.62,0,0,41.02,0,8.25,6.35,2.6,35.75,4.35,1.15
Holtville Unified,13,63149,"18,447,405","1,501.40","12,287",Unified                  ,138,52,34,0,34,65.38,18,0,18,34.62,17,32.69,8.37,0.8,2,44.52,9.35,23.87,7.06,0,0,45.4,0,8.63,3.7,2.35,26.48,3.2,0
Hughson Unified,50,75549,"22,341,720","1,967.90","11,353",Unified                  ,151,65,54,0,54,83.08,32,0,32,49.23,30,46.15,4,2,0.6,47.14,5.67,21.61,6.9,0,0,38.68,0,13.76,8.89,1.4,35.38,3.77,0
Huntington Beach Union High,30,66548,"182,608,039","15,377.50","11,875",High                     ,4136,2080,1855,3,1858,89.33,1626,3,1629,78.32,1567,75.34,41.98,4,0,0.12,15.01,153.37,0,0.96,0,211.49,0,68.54,39.46,7.5,626.11,34.5,14.08
Imperial Unified,13,63164,"40,922,429","4,047.60","10,110",Unified                  ,262,94,73,0,73,77.66,43,0,43,45.74,42,44.68,13.41,2,2,104.37,1,36.2,15.67,0,0,76.63,0,15.75,10,3,55.06,11.6,0
Inglewood Unified,19,64634,"117,597,186","8,781.60","13,391",Unified                  ,734,374,177,0,177,47.33,91,0,91,24.33,77,20.59,67,1,7.5,333.72,81.2,112.25,49.92,0,0,179,0,84.9,40.9,9.5,116.79,29.8,0.18
Irvine Unified,30,73650,"353,385,092","33,642.10","10,504",Unified                  ,2474,1159,1088,39,1127,97.24,1029,40,1069,92.23,1055,91.03,86,11.4,7.98,771.83,171.52,649.99,100.89,1,0,600.13,0,123.26,65.59,20.31,405.49,104.8,9.03
Jefferson Union High,41,68924,"52,657,509","4,174.10","12,615",High                     ,1292,645,535,1,536,83.1,441,1,442,68.53,425,65.89,23.8,3,0,0,6.89,31.88,0,0,0,63.74,0,31.36,19.9,13.8,223.94,12,0
John Swett Unified,7,61697,"17,807,508","1,419.40","12,546",Unified                  ,145,56,32,0,32,57.14,31,0,31,55.36,26,46.43,9,1,0.8,40.66,4,19.74,6.03,0,0,25.52,0,9,6,1.2,28.2,4,0
Julian Union Elementary,37,68163,"5,451,295",286.4,"19,033",Elementary               ,196,29,23,0,23,79.31,15,0,15,51.72,14,48.28,0,1,0,93.58,14.91,40.26,11.94,0,0,8.46,0,71.73,18.93,0,62.77,23.13,3.11
Jurupa Unified,33,67090,"214,270,745","18,209.90","11,767",Unified                  ,1421,552,347,0,347,62.86,194,0,194,35.14,179,32.43,68.5,8,7,489.7,24.5,179.31,74.8,0,0,395.96,0,106.42,38,22.2,254.88,46.9,10.31
Kelseyville Unified,17,64014,"19,636,158","1,561.90","12,572",Unified                  ,134,64,43,0,43,67.19,22,0,22,34.38,20,31.25,7,1,0.75,41.19,1,25.75,5,0,0,49.75,0,11,4.5,1,27.9,4,5
Kerman Unified,10,73999,"51,323,155","4,926.80","10,417",Unified                  ,368,172,113,0,113,65.7,49,0,49,28.49,45,26.16,12,2,0,130.42,3,50.77,18.58,0,0,107.35,0,20,16.8,1,62.32,25.2,0
Kern High,15,63529,"456,668,687","36,861.30","12,389",High                     ,9852,3454,2265,3,2268,65.66,1459,1,1460,42.27,1372,39.72,153.73,24,0,0,88.64,364.75,0,0,0,606.78,0,293.29,50.84,146.69,0,33.1,0.29
Kings Canyon Joint Unified,10,62265,"109,835,091","9,181.40","11,963",Unified                  ,679,235,160,0,160,68.09,82,0,82,34.89,76,32.34,32.28,3,1,238.63,58,103.97,35.5,0,0,199.86,0,59.94,41.07,6.9,116.58,26.5,0
Kingsburg Joint Union High,10,62257,"12,954,620","1,098.40","11,794",High                     ,315,126,92,0,92,73.02,73,0,73,57.94,69,54.76,3,1.5,0,0,1.56,6.92,0,0,0,15.52,0,7,2.4,1.9,57.44,2.53,0
Klamath-Trinity Joint Unified,12,62901,"17,773,735",908.7,"19,559",Unified                  ,63,25,15,0,15,60,5,0,5,20,4,16,7,1,1,37.58,1,14.46,3.92,0,0,52.2,0,9.48,9.11,1,20.75,6.54,0.14
Konocti Unified,17,64022,"40,439,101","3,133.30","12,906",Unified                  ,216,36,23,0,23,63.89,7,0,7,19.44,7,19.44,18.94,2.5,2.6,77.24,14.66,48.35,12.95,0,0,95.34,0,19.24,11.9,1,38.66,7,0.17
La Canada Unified,19,64659,"44,684,902","4,045.20","11,046",Unified                  ,363,191,182,4,186,97.38,179,4,183,95.81,179,93.72,11.53,3,1.4,103.94,14.88,66.83,10.07,0,0,63.56,0,17.82,8.5,9,56.26,8.54,0.33
Laguna Beach Unified,30,66555,"53,943,320","2,787.50","19,352",Unified                  ,268,86,82,0,82,95.35,66,0,66,76.74,65,75.58,22.5,1,3,77.7,18,70.25,8.5,0,0,37.5,0,18.5,6.4,3,53.2,10,0
Lake Elsinore Unified,33,75176,"230,358,769","20,215.90","11,395",Unified                  ,1590,648,496,0,496,76.54,312,0,312,48.15,290,44.75,61.25,8.5,11.4,553.76,70.21,330.16,81.66,0,0,399.85,0,92.28,50.15,14.5,287.7,61.1,7.17
Lake Tahoe Unified,9,61903,"44,579,280","3,595.40","12,399",Unified                  ,262,105,89,1,90,85.71,72,1,73,69.52,70,66.67,13.34,2,2,107.54,10.55,52.09,17.88,0,0,73.05,0,17.67,9.9,2.95,59.5,15,9.01
Lakeport Unified,17,64030,"16,376,829","1,420.00","11,533",Unified                  ,120,32,25,0,25,78.13,25,0,25,78.13,22,68.75,7.69,1,1.8,45.59,0,17.67,5.64,0,0,35.96,0,6,7,1.8,23.39,3,0
Lakeside Union Elementary,15,63552,"13,255,786","1,309.30","10,124",Elementary               ,106,37,34,1,35,94.59,27,1,28,75.68,28,75.68,0,0,0,11.5,0,4.96,2.5,0,0,11.68,0,5,2,0,0,0,0
Lakeside Union Elementary,16,63966,"3,548,968",311.7,"11,385",Elementary               ,106,37,34,1,35,94.59,27,1,28,75.68,28,75.68,0,0,0,11.5,0,4.96,2.5,0,0,11.68,0,5,2,0,0,0,0
Lakeside Union Elementary,37,68189,"53,765,039","4,952.30","10,857",Elementary               ,106,37,34,1,35,94.59,27,1,28,75.68,28,75.68,0,0,0,11.5,0,4.96,2.5,0,0,11.68,0,5,2,0,0,0,0
Lammersville Joint Unified,39,76760,"44,935,017","4,720.70","9,519",Unified                  ,262,148,132,1,133,89.86,94,1,95,64.19,90,60.81,18.26,2,0,132.11,13,36.85,22.17,0,0,54.39,0,14,12,3.4,61.43,11,0
Las Virgenes Unified,19,64683,"115,353,617","10,902.30","10,581",Unified                  ,1052,503,476,4,480,95.43,396,4,400,79.52,398,79.13,49.73,5,11.3,261.79,8.5,134.27,39.48,0,0,171.4,0,75.66,27.3,12.8,163.32,41.7,31.46
Lassen Union High,18,64139,"9,078,379",748.5,"12,129",High                     ,189,66,49,0,49,74.24,35,0,35,53.03,32,48.48,8,1,0,0,0,3.02,0,0,0,13.91,0,7.75,1.12,1.55,35.83,0,0
Lawndale Elementary,19,64691,"69,065,610","5,231.30","13,202",Elementary               ,115,117,62,0,62,52.99,33,0,33,28.21,30,25.64,30.5,7,3.8,199.36,38.1,69.38,27.5,2,0,156.9,0,27.02,15,2,31,40.7,0.25
Laytonville Unified,23,73916,"5,165,714",344.9,"14,976",Unified                  ,30,20,17,0,17,85,13,0,13,65,13,65,3.5,1,0,11.02,1.77,19.73,1.75,0,0,10.58,0,2.83,1.9,0.4,9.77,0,0
Le Grand Union High,24,65730,"6,896,183",473.1,"14,576",High                     ,115,48,20,0,20,41.67,10,0,10,20.83,8,16.67,3.5,1,0,0,0.5,5,0,0,0,19.8,0,5,1.8,1.9,28.8,0,0
Lemoore Union High,16,63982,"21,260,321","1,814.10","11,720",High                     ,516,159,118,0,118,74.21,78,0,78,49.06,74,46.54,7,2,0,0,2.14,9.17,0,0,0,49.51,0,19,7,6.74,103.14,3,1.27
Liberty Union High,7,61721,"82,962,944","7,746.90","10,709",High                     ,2117,923,766,0,766,82.99,479,0,479,51.9,465,50.38,21.25,3.8,0,0,11.7,75.26,0,0,0,106.96,0,50.75,17,15.4,364.44,7.6,1
Lincoln Unified,39,68569,"88,013,647","8,583.40","10,254",Unified                  ,741,238,206,0,206,86.55,150,0,150,63.03,143,60.08,37.62,6,9.8,232.28,15.17,95.69,29.3,0,0,127.87,0,36.78,24.25,11,138.7,44.7,4
Linden Unified,39,68577,"23,901,297","2,159.30","11,069",Unified                  ,153,67,61,0,61,91.04,41,0,41,61.19,41,61.19,10,1,1,53.89,7.75,33.93,6,0,0,31.56,0,13.75,6.78,2,33.32,5,0.25
Lindsay Unified,54,71993,"56,858,330","3,944.10","14,416",Unified                  ,294,111,54,0,54,48.65,18,0,18,16.22,16,14.41,38.87,6,2,96.37,26.63,42.27,14.33,0,0,103.62,0,25.42,19.9,2.95,58.1,14.95,3.73
Live Oak Unified,51,71399,"19,940,840","1,782.00","11,190",Unified                  ,134,60,42,0,42,70,33,0,33,55,28,46.67,5,1,0,51.49,4,30.02,8.2,0,0,44.57,0,12.47,7,1,29.52,2,0
Livermore Valley Joint Unified,1,61200,"144,176,237","13,242.90","10,887",Unified                  ,1091,531,492,0,492,92.66,414,0,414,77.97,403,75.89,41.11,8,2,338.85,25.13,164.38,55.11,0,0,159.51,0,56.42,31.85,7.58,199.59,32.57,3.1
Lodi Unified,39,68585,"307,299,186","27,148.10","11,319",Unified                  ,2304,819,658,0,658,80.34,534,0,534,65.2,490,59.83,139.63,10.5,10.73,806.92,56.11,443.82,113.55,0,0,511.94,0,134.87,85.2,18.55,417.89,83.65,4.74
Lompoc Unified,42,69229,"100,928,744","9,092.60","11,100",Unified                  ,657,184,147,0,147,79.89,99,0,99,53.8,95,51.63,18.5,5,4,262.94,28.22,100.36,47.57,0,0,225.45,0,56.14,25.71,10.25,139.63,28.9,0.5
Long Beach Unified,19,64725,"866,039,394","70,827.00","12,228",Unified                  ,6019,4994,2724,0,2724,54.55,1597,0,1597,31.98,1519,30.42,200.33,30.5,48.4,0,291.38,763.9,243.42,22.19,0,0,0,268.03,158.23,54.15,922.53,160.72,6.62
Loomis Union Elementary,31,66845,"22,432,509","2,437.40","9,203",Elementary               ,43,23,22,0,22,95.65,19,0,19,82.61,18,78.26,9,2,1,144.61,3.8,61.18,21.51,0,0,51.44,0,30.34,12,0,19.35,12.54,3
Los Alamitos Unified,30,73924,"101,405,247","9,537.40","10,632",Unified                  ,831,564,523,2,525,93.09,418,2,420,74.47,412,73.05,25.2,3,2,219.05,20.77,102.95,37.25,0,0,119.35,0,29.51,18.4,6,116.02,22.49,0.33
Los Angeles Unified,19,64733,"6,740,958,848","477,630.70","14,113",Unified                  ,42372,25633,14247,13,14260,55.63,8032,11,8043,31.38,7440,29.03,0,639.5,325.6,0,0,0,0,1,0,0,0,0,0,471.54,0,0,45.99
Los Banos Unified,24,65755,"115,018,239","10,286.70","11,181",Unified                  ,798,266,164,0,164,61.65,98,0,98,36.84,93,34.96,23,2,5,246.73,7,114.57,35,0,0,206.5,0,60.6,36.65,6,149.37,55.9,0
Los Gatos-Saratoga Joint Union High,43,69534,"53,230,168","3,273.60","16,260",High                     ,797,589,572,6,578,98.13,538,6,544,92.36,541,91.85,10,3,0,0.13,4.38,13.5,0,0,0,67.24,0,14,8,9.2,160.89,4.6,3.8
Lucerne Valley Unified,36,75051,"9,925,047",680.6,"14,583",Unified                  ,191,30,22,0,22,73.33,19,0,19,63.33,17,56.67,3.72,0.9,0,33.85,13,23.62,4.81,0,0,36.23,0,32,12.35,3.9,105.4,1,4.47
Lucia Mar Unified,40,68759,"110,262,122","9,992.30","11,035",Unified                  ,862,382,340,1,341,89.27,268,1,269,70.42,264,69.11,22.75,5,2,267.4,57.34,152.12,41.22,0,0,164.45,0,48.91,28,9,179.47,22.6,4.54
Lynwood Unified,19,64774,"161,175,645","13,313.80","12,106",Unified                  ,1133,932,323,0,323,34.66,104,0,104,11.16,91,9.76,61,12,4.8,343.45,12.75,131.5,49.5,0,0,243.5,0,129.5,34,12,175.51,64,0.5
Madera Unified,20,65243,"223,204,359","18,982.90","11,758",Unified                  ,1276,557,298,0,298,53.5,161,0,161,28.9,141,25.31,33.13,5,25,534.57,48.11,140.07,92.5,4,0,484.17,0,89.55,69.89,20,237.88,36.66,2.1
Mammoth Unified,26,73692,"13,274,183","1,137.50","11,669",Unified                  ,81,37,35,0,35,94.59,26,0,26,70.27,26,70.27,0,1,0.5,32.1,1.63,11,5,0,0,21.25,0,10,3,1.45,19.53,3.4,0
Manhattan Beach Unified,19,75333,"76,244,519","6,383.00","11,945",Unified                  ,633,326,313,1,314,96.32,287,1,288,88.34,285,87.42,19.69,6,4.6,148.63,4.78,137.35,17.17,0,0,101.55,0,22.07,14.4,8.7,100.7,20,0.33
Manteca Unified,39,68593,"244,552,503","22,384.50","10,925",Unified                  ,1912,688,500,0,500,72.67,311,0,311,45.2,288,41.86,67.94,8,0,533.5,6.33,187.97,82.17,0,0,490.43,0,125.29,63.6,22,379.75,103,3
Marcum-Illinois Union Elementary,51,71407,"2,115,534",149.3,"14,172",Elementary               ,139,21,19,0,19,90.48,10,0,10,47.62,10,47.62,0,0,0,19.92,8.29,5.3,3.42,0,0,5.95,0,20.14,11.96,0,73.19,0,0
Maricopa Unified,15,63628,"5,086,202",286.4,"17,758",Unified                  ,397,22,12,0,12,54.55,3,0,3,13.64,3,13.64,2,1,1.32,113.31,78.34,16.3,21.58,0,0,8.63,0,61.2,21.69,0.96,93.09,55.18,0
Mariposa County Unified,22,65532,"19,339,352","1,565.10","12,357",Unified                  ,100,36,31,0,31,86.11,24,0,24,66.67,23,63.89,9.47,1.4,3,50.12,3.07,25.52,8.51,0,0,49.26,0,14,8.58,2.25,34.41,0.92,1.22
Martinez Unified,7,61739,"42,215,022","3,982.50","10,600",Unified                  ,321,126,107,0,107,84.92,94,0,94,74.6,89,70.63,10.38,2,4.4,109.34,11.67,33.37,17.47,1,0,56.18,0,18.34,11,4.6,60.38,10.8,0.74
Marysville Joint Unified,58,72736,"103,835,379","9,009.70","11,525",Unified                  ,622,150,111,0,111,74,56,0,56,37.33,55,36.67,63.1,0,1,261.74,8,95.56,43.45,0.8,0,185.56,0,69.1,25.3,6.9,121.18,10.5,0
Mendocino Unified,23,65581,"8,017,628",471.3,"17,011",Unified                  ,54,31,28,0,28,90.32,20,0,20,64.52,19,61.29,3.31,0,0,19.18,1.15,15.94,1.58,0,0,27.1,0,4.94,2.1,0.99,16.64,4.77,0
Mendota Unified,10,75127,"33,159,964","3,246.70","10,213",Unified                  ,222,70,28,0,28,40,12,0,12,17.14,10,14.29,11,2,1,81.01,2.14,30.42,14,0,0,67.81,0,11,9.5,1,36.58,11.83,1.14
Menifee Union Elementary,33,67116,"96,328,279","9,734.50","9,896",Elementary               ,139,70,60,0,60,85.71,33,0,33,47.14,31,44.29,46.31,4,11,403.54,29.22,125.24,60.18,0,0,160.23,0,51.58,22.75,0,30.46,34.23,1
Merced Union High,24,65789,"120,411,735","9,886.60","12,179",High                     ,2470,892,603,0,603,67.6,339,0,339,38,321,35.99,41.47,7,0,0.13,37.44,57.47,0,0,0,208.13,0,105.45,33,25,469.63,14.2,2
Middletown Unified,17,64055,"15,543,455","1,383.00","11,239",Unified                  ,136,38,32,0,32,84.21,20,0,20,52.63,19,50,5.62,1,0,43.26,1.29,37.4,6.87,0,0,34.6,0,11.48,6.16,0,27.11,1.81,0
Milpitas Unified,43,73387,"105,122,428","10,072.30","10,437",Unified                  ,892,508,450,5,455,89.57,398,5,403,79.33,391,76.97,30.94,4,1.95,254.22,11,77.55,39.42,0,0,121.01,0,44.2,28.65,5.95,140.75,33.6,2
Modoc Joint Unified,25,73585,"8,547,131",802.5,"10,651",Unified                  ,61,15,11,0,11,73.33,8,0,8,53.33,8,53.33,4,1,0,29.63,0.5,9.22,3.87,0,0,20.1,0,6.28,3.8,1,15.2,0,0
Mojave Unified,15,63677,"31,764,145","2,599.40","12,220",Unified                  ,173,40,32,0,32,80,14,0,14,35,14,35,16.25,1,1,78.48,3.03,38.66,10.5,0,0,108.35,0,14.07,7.3,1,37.76,7,4.75
Monrovia Unified,19,64790,"65,698,156","5,271.20","12,464",Unified                  ,476,215,174,0,174,80.93,121,0,121,56.28,118,54.88,33,5.5,4.8,132.2,14,82.5,21.83,0,0,93.32,0,27.15,14.5,5.13,78.1,16.5,1.33
Montebello Unified,19,64808,"304,831,677","24,987.00","12,200",Unified                  ,2482,1899,823,0,823,43.34,413,0,413,21.75,372,19.59,114,5,13,563.71,82.88,233.63,92.56,0,0,607.81,0,165.19,61.8,20,359.29,80.54,0.33
Monterey Peninsula Unified,27,66092,"113,122,246","9,063.30","12,481",Unified                  ,785,388,256,0,256,65.98,172,0,172,44.33,161,41.49,37,6,5,299.16,64.3,171.35,59,0,0,261.9,0,55.78,34.9,10,169.01,14.93,0
Moorpark Unified,56,73940,"60,094,659","6,017.00","9,988",Unified                  ,564,215,200,0,200,93.02,155,0,155,72.09,151,70.23,30.47,3,7,152.25,21.2,77.9,24,0,0,133.93,0,41.12,16.75,5.3,87.2,21.3,14.17
Moreno Valley Unified,33,67124,"382,459,183","31,027.70","12,326",Unified                  ,2594,2172,812,0,812,37.38,348,0,348,16.02,304,14,103.75,7,30.4,794.9,135.31,368.81,124.32,0,0,665.09,0,162.17,97.5,28.2,433.28,57.25,5
Morgan Hill Unified,43,69583,"83,858,234","7,995.40","10,488",Unified                  ,692,388,329,0,329,84.79,264,0,264,68.04,255,65.72,39.25,2.99,3.49,231.1,22.2,63.74,35.32,1.8,0,139.98,0,49.91,21.7,5.78,121.33,12.89,11.51
Morongo Unified,36,67777,"94,350,599","7,982.20","11,820",Unified                  ,585,177,140,0,140,79.1,103,0,103,58.19,97,54.8,34.66,3,3.05,219.06,29.56,107.12,33.46,0,0,147.45,0,49.74,38.18,5.05,99.51,27.85,0
Mountain Empire Unified,37,68213,"22,334,790","1,554.10","14,371",Unified                  ,385,59,41,0,41,69.49,21,0,21,35.59,20,33.9,8.75,1,3,73.52,18.4,41.95,8.84,0,0,65.17,0,37.9,19.1,1.9,68.86,15.22,26.15
Mountain View-Los Altos Union High,43,69609,"83,701,897","4,093.60","20,447",High                     ,1040,632,594,2,596,94.3,558,2,560,88.61,551,87.18,12,3,0,0.54,4.17,32.16,0,1.9,0,56.13,0,28.9,8.6,16,218.52,5.6,1.97
Mt. Diablo Unified,7,61754,"366,514,703","29,707.50","12,337",Unified                  ,2263,790,635,1,636,80.51,488,1,489,61.9,471,59.62,106.4,10,34.7,856.42,48.3,414.25,128.47,0,0,395.76,0,144.1,86.44,20.1,401.79,132.03,24.7
Muroc Joint Unified,15,63685,"20,481,672","1,695.30","12,081",Unified                  ,111,51,40,0,40,78.43,27,0,27,52.94,26,50.98,7,2,2,54.25,6.7,19.47,9,0,0,43.8,0,12,4,3,30.55,8,0
Murrieta Valley Unified,33,75200,"228,213,079","21,995.50","10,375",Unified                  ,2074,1228,1004,1,1005,81.84,648,1,649,52.85,628,51.14,45.25,9.7,14.17,487.28,65.22,310.47,58.46,0,0,316.9,0,110.39,45.9,17,325.67,66.9,8.87
Napa Valley Unified,28,66266,"176,807,038","15,927.70","11,101",Unified                  ,1486,667,514,0,514,77.06,350,0,350,52.47,338,50.67,55.13,14.5,11.65,456.04,43.69,274.41,65.53,0,0,256.72,0,93.33,48.6,13,267.66,114.17,4
Natomas Unified,34,75283,"104,831,329","9,376.20","11,181",Unified                  ,1117,614,462,0,462,75.24,271,0,271,44.14,259,42.18,34,9,6,328.13,88.39,117.55,49.25,0,0,223.25,0,71.39,33.8,12,186.84,46.14,8.99
Needles Unified,36,67801,"11,900,514",902.8,"13,182",Unified                  ,64,22,15,0,15,68.18,7,0,7,31.82,7,31.82,4.5,1,0,27.14,0,14.72,4.33,0,0,24.06,0,4.38,3,1,12.53,5.8,0
Nevada Joint Union High,29,66357,"34,481,769","2,381.30","14,480",High                     ,706,251,233,0,233,92.83,181,0,181,72.11,179,71.31,12.46,2,0,0,9.2,34.37,0,0,0,57.64,0,31.92,8.9,6,141.48,9.3,0
New Jerusalem Elementary,39,68627,"3,225,630",22,"146,553",Elementary               ,578,70,53,1,54,77.14,29,1,30,42.86,30,42.86,8.44,4,0,84.25,11.46,39.48,8.76,0,0,49.93,0,43.51,17.43,0,88.59,20.99,0
Newark Unified,1,61234,"62,368,434","5,691.30","10,959",Unified                  ,462,203,167,0,167,82.27,107,0,107,52.71,102,50.25,23.73,2,1,116.03,23.3,41.77,19.5,1,0,107.14,0,24.71,20.65,4,63.76,16.5,3.16
Newman-Crows Landing Unified,50,73601,"33,439,764","3,020.90","11,069",Unified                  ,206,96,59,1,60,62.5,24,0,24,25,21,21.88,11.56,2,3,83.67,9,45.6,12,0,0,77.31,0,18.62,11,3,41.74,7,0
Newport-Mesa Unified,30,66597,"281,762,766","20,208.00","13,943",Unified                  ,1691,609,505,0,505,82.92,381,1,382,62.73,372,61.08,108.63,11,2,523.32,32.95,359.07,82.46,0,0,327.82,0,140.36,45.6,21.1,272.61,88,9.25
North Monterey County Unified,27,73825,"52,843,250","4,361.40","12,116",Unified                  ,352,118,72,0,72,61.02,34,0,34,28.81,31,26.27,13,5,1,115.38,25.35,27.67,21.45,0,0,151.25,0,18.44,15.5,6,65.32,13.2,1
Northern Humboldt Union High,12,62687,"18,874,310","1,382.80","13,649",High                     ,414,188,171,1,172,91.49,132,0,132,70.21,128,68.09,10,1,0,0.09,2.9,29.55,0,0,0,33.25,0,11.5,6.2,5.6,83.91,5.4,0
Norwalk-La Mirada Unified,19,64840,"214,889,189","17,163.90","12,520",Unified                  ,1335,1189,518,2,520,43.73,232,1,233,19.6,211,17.75,103.95,6,13.5,424.26,80.21,281.26,59.53,0,0,318.2,0,78.94,44.8,19.9,248.36,53.39,16.76
Novato Unified,21,65417,"84,771,103","7,283.80","11,638",Unified                  ,672,360,321,0,321,89.17,245,0,245,68.06,241,66.94,22.2,3,0,200.78,20.33,39.56,32.67,0,0,158.83,0,34.95,24.9,6.7,132.78,16.9,0.05
Oak Park Unified,56,73874,"42,742,731","4,411.30","9,689",Unified                  ,422,239,228,2,230,96.23,205,2,207,86.61,206,86.19,11,2,3.5,98.66,8.4,62.08,12.6,0,0,56.84,0,15.5,10,5.5,73.88,9.97,0
Oakdale Joint Unified,50,75564,"53,189,757","4,997.10","10,644",Unified                  ,433,136,113,0,113,83.09,79,0,79,58.09,74,54.41,18.25,2,1,126.17,6,55.84,20.25,0,0,105.17,0,23.63,15.75,3.9,76.79,10.9,0
Oakland Unified,1,61259,"504,800,324","34,840.90","14,489",Unified                  ,3315,2363,1176,0,1176,49.77,721,0,721,30.51,654,27.68,291.01,72,13.05,0,487.08,444.52,203.01,0,0,980.26,0,580.84,198.19,18.35,725.37,134.32,84.54
Oceanside Unified,37,73569,"206,363,504","16,940.90","12,181",Unified                  ,1470,491,376,2,378,76.99,293,2,295,60.08,275,56.01,56.56,6,7.95,536.92,110.23,207.1,83.37,0,0,447.21,0,75.3,47.5,14.6,236.01,82.3,10.8
Ojai Unified,56,72520,"25,211,825","2,294.90","10,986",Unified                  ,201,72,66,0,66,91.67,46,0,46,63.89,46,63.89,12.44,1,0,60.11,9.59,49.17,8.45,0,0,42.72,0,13.95,10.1,2,37.9,9.32,0.1
Orange Unified,30,66621,"276,530,475","24,783.00","11,158",Unified                  ,2310,2097,1194,1,1195,56.99,732,1,733,34.95,694,33.09,0,0,1.3,20.67,4,6,4.33,2.4,1,0,0,7.66,5,3,42.4,4.55,16.2
Orcutt Union Elementary,42,69260,"41,606,835","4,261.40","9,764",Elementary               ,138,76,63,0,63,82.89,47,0,47,61.84,44,57.89,20,1.85,2.75,158.47,8.91,37.7,22.59,0,0,86.84,0,19.38,12.05,0,27.75,10,0
Orland Joint Unified,11,75481,"22,937,549","2,122.10","10,809",Unified                  ,161,40,21,0,21,52.5,11,0,11,27.5,9,22.5,7,1,0,63,3,23.6,10,0,0,47.79,0,8.41,6,1,36.85,4,0
Oro Grande Elementary,36,67827,"5,184,465",96.8,"53,559",Elementary               ,612,66,41,0,41,62.12,22,0,22,33.33,20,30.3,0,0,0,0,0,0,0,0,0,0,0,0,0,0,0,0,0
Oroville Union High,4,61515,"24,746,702","1,941.40","12,747",High                     ,517,96,76,0,76,79.17,54,0,54,56.25,51,53.13,15,1,0,0,3.37,36,0,0,0,54,0,17.5,6.8,6.6,97.98,0,3
Oxnard Union High,56,72546,"181,624,515","15,299.00","11,872",High                     ,4190,1460,1042,0,1042,71.37,731,0,731,50.07,675,46.23,33.63,5.6,0,19.19,16.5,94.25,3,0,0,229.89,0,100.18,35,39,646.16,30.4,14.99
Pacific Grove Unified,27,66134,"31,257,569","1,978.50","15,798",Unified                  ,143,73,69,0,69,94.52,59,0,59,80.82,58,79.45,7.38,1,2.8,54.2,7.9,34.76,8,0,0,35.85,0,11.99,5,2,27.7,4.8,1
Pajaro Valley Unified,44,69799,"241,471,697","17,220.20","14,023",Unified                  ,1274,607,376,2,378,62.27,232,1,233,38.39,218,35.91,183,0,0,503.38,13.82,236,81.45,0,0,645,0,131,55.5,12,244.36,1,1
Palm Springs Unified,33,67173,"276,973,758","20,629.30","13,426",Unified                  ,1872,755,490,0,490,64.9,279,0,279,36.95,260,34.44,83.72,11,14,594.72,83.26,200.88,88,0,0,450.53,0,126.31,62,20.8,319.97,51.3,1
Palmdale Elementary,19,64857,"219,633,318","17,752.00","12,372",Elementary               ,355,174,126,0,126,72.41,61,0,61,35.06,60,34.48,100,21,5.5,710.32,110.62,217.87,93.89,0,0,333.91,0,127.18,76.75,0,91.65,89.15,19.26
Palo Alto Unified,43,69641,"242,777,901","11,738.40","20,682",Unified                  ,970,666,643,7,650,97.6,615,7,622,93.39,617,92.64,54.21,15.55,10.2,416.07,95.96,247.84,48.27,0,0,237.61,0,61.25,35.95,15,238.07,18.5,23.24
Palo Verde Unified,33,67181,"32,735,661","2,825.70","11,585",Unified                  ,231,59,34,0,34,57.63,17,0,17,28.81,15,25.42,13,4,0,69.63,2,50.5,11.37,0,0,76.75,0,14.25,9.7,3,45.77,6,0
Palos Verdes Peninsula Unified,19,64865,"121,294,765","10,985.30","11,042",Unified                  ,1094,588,568,1,569,96.77,531,1,532,90.48,525,89.29,26.4,4,6,246.51,39.58,230.83,34.5,0,0,166.2,0,50.93,23.8,14,173.81,39.4,2
Paradise Unified,4,61531,"36,369,662","3,229.40","11,262",Unified                  ,303,55,48,0,48,87.27,42,0,42,76.36,41,74.55,13.25,2,2,110.21,7,92.82,15.91,1,0,80.77,0,23.13,16.74,3.8,56.94,8,0
Paramount Unified,19,64873,"175,127,029","14,601.10","11,994",Unified                  ,1279,1205,404,0,404,33.53,190,0,190,15.77,172,14.27,40.58,5,23.5,373.92,120.93,151.08,57.5,0,0,258.93,0,75.74,36,16.97,199.63,24,0
Parlier Unified,10,62364,"40,881,944","3,265.30","12,520",Unified                  ,212,102,29,0,29,28.43,15,0,15,14.71,11,10.78,18,1,1,85.47,20.2,43.53,12.33,0,0,49.75,0,21.25,15,2.6,39.86,10,5.14
Pasadena Unified,19,64881,"213,394,907","16,002.70","13,335",Unified                  ,1485,609,424,0,424,69.62,278,0,278,45.65,261,42.86,110.75,9.7,5.5,417.36,145.69,419.88,70.35,2.5,0,346.92,0,133.62,46.6,10.5,212.82,33.3,54.67
Paso Robles Joint Unified,40,75457,"72,838,174","6,477.30","11,245",Unified                  ,573,208,164,0,164,78.85,120,0,120,57.69,113,54.33,17.41,1,3.4,156.28,29.1,117.99,22.86,1,0,139.83,0,29.44,19.43,5,102.16,26.5,9.5
Patterson Joint Unified,50,71217,"66,020,120","5,780.40","11,421",Unified                  ,491,197,131,0,131,66.5,78,0,78,39.59,70,35.53,17,3,2,160.65,16,79.13,20.45,0,0,89.34,0,29.38,15.95,5.75,89.21,16,1
Perris Union High,33,67207,"115,789,290","9,016.80","12,841",High                     ,2216,951,604,0,604,63.51,329,1,330,34.7,309,32.49,59.5,5,2.2,63.42,11.42,71.33,0,0,0,165.83,0,83.69,22.05,23.8,354.49,32.15,1
Piedmont City Unified,1,61275,"39,778,549","2,552.10","15,587",Unified                  ,209,134,128,0,128,95.52,119,0,119,88.81,117,87.31,14,2,3.6,79.08,5.6,70.43,9,0,0,30.89,0,13.67,9.1,4,52.03,12.17,0.4
Pierce Joint Unified,6,61614,"14,251,191","1,416.90","10,058",Unified                  ,107,36,20,0,20,55.56,14,0,14,38.89,13,36.11,5,1,0,38.75,2,5.38,5.5,0,0,29.4,0,31.63,5,1,22.22,0,3.03
Pittsburg Unified,7,61788,"133,625,755","10,863.80","12,300",Unified                  ,856,331,210,0,210,63.44,104,0,104,31.42,93,28.1,53,4,6,296.79,32.95,87.84,41.42,0,0,164.22,0,59.12,32.59,8.4,171.13,10.8,7.31
Placentia-Yorba Linda Unified,30,66647,"260,592,744","24,617.60","10,586",Unified                  ,2159,1061,955,4,959,90.39,853,4,857,80.77,832,78.42,66.47,9,5.6,540.83,95.45,278.53,89.58,0,0,275.76,0,104.6,60.2,13.8,344.8,80.2,2.37
Placer Union High,31,66894,"44,013,371","3,787.20","11,622",High                     ,994,489,442,0,442,90.39,359,0,359,73.42,350,71.57,15.53,4.5,0,0,7.17,27.67,0,0,0,76.46,0,27.56,15.74,8.55,173.07,12.3,2
Pleasanton Unified,1,75101,"152,605,107","14,415.20","10,586",Unified                  ,1259,822,787,8,795,96.72,737,8,745,90.63,736,89.54,35.75,5,13.5,359.4,38.67,114.04,43.17,0,0,213.22,0,49.16,33.7,14.8,215.81,57,6.42
Plumas Unified,32,66969,"25,085,207","1,698.20","14,772",Unified                  ,164,66,56,0,56,84.85,40,0,40,60.61,40,60.61,7.08,0,0,54.28,0.98,33.83,9.01,0,0,81.33,0,16.6,13.81,1,42.97,5.56,1.02
Pomona Unified,19,64907,"288,912,782","22,091.40","13,078",Unified                  ,1928,856,500,1,501,58.53,247,2,249,29.09,232,27.1,177.95,11,10.62,606.17,530.58,301.56,89.82,0,0,381.91,0,162.71,72.5,21,337.42,64.8,331.92
Porterville Unified,54,75523,"147,210,720","12,833.60","11,471",Unified                  ,1715,542,332,0,332,61.25,206,0,206,38.01,187,34.5,40.63,5,3,271.19,60.54,80.64,39.75,0,0,321.54,0,86.33,44.17,19.36,278.78,13.52,0.33
Poway Unified,37,68296,"358,868,032","35,144.50","10,211",Unified                  ,2735,1835,1723,8,1731,94.33,1536,6,1542,84.03,1512,82.4,84.11,10,20.96,859.69,35.65,383.8,137.93,0,0,689.58,0,117.41,70.9,24.3,432.07,191.6,28.3
Ramona City Unified,37,68304,"55,859,760","5,225.90","10,689",Unified                  ,442,167,144,0,144,86.23,97,0,97,58.08,94,56.29,19.49,2,1.7,123.98,3,73.8,19.34,0,0,131.64,0,40.55,12,2.9,67.09,13.7,1.1
Red Bluff Joint Union High,52,71639,"20,161,181","1,499.30","13,447",High                     ,397,82,68,0,68,82.93,51,0,51,62.2,48,58.54,9,1,0,0,0.5,16.45,0,0,0,47.29,0,13.58,6.41,5.99,80.49,1.95,0
Redlands Unified,36,67843,"209,224,844","19,912.40","10,507",Unified                  ,1866,1504,1064,1,1065,70.81,749,2,751,49.93,709,47.14,64,11,9.2,494.22,48.13,150.18,70.25,0,0,281.33,0,104.65,39.6,17,303.61,39.7,1.88
Redondo Beach Unified,19,75341,"93,558,221","9,525.50","9,822",Unified                  ,713,280,253,1,254,90.71,220,1,221,78.93,215,76.79,22.68,2.5,11.1,234.7,46.29,153.94,36,0,0,125.99,0,47.12,19,7.9,120.92,22.61,0
Reef-Sunset Unified,16,73932,"31,130,697","2,533.80","12,286",Unified                  ,173,92,31,0,31,33.7,16,0,16,17.39,14,15.22,9.72,0,1,69.83,12.66,28.89,12,0,0,63.37,0,13.97,10,0,29.75,0.95,0
Rialto Unified,36,67850,"286,565,117","24,409.00","11,740",Unified                  ,2016,1712,692,0,692,40.42,327,0,327,19.1,276,16.12,47,11,10.9,606.73,87.47,157.95,81,0,0,351.51,0,140.12,64.7,19,347.29,65,0
Ripon Unified,39,68650,"28,583,426","3,077.40","9,288",Unified                  ,412,124,102,1,103,83.06,71,1,72,58.06,70,56.45,11.75,1,0,99.11,5.21,31.77,13.39,0,0,49.2,0,19.31,10.01,3,66.2,12.55,0
River Delta Joint Unified,34,67413,"21,499,369","1,809.60","11,881",Unified                  ,140,73,51,0,51,69.86,22,0,22,30.14,22,30.14,10.88,1,3.96,65.37,3,26.02,8.25,0,0,62.88,0,16.38,7.17,0.71,37.31,5.8,3.21
Riverbank Unified,50,75556,"31,757,050","2,266.80","14,010",Unified                  ,202,75,41,0,41,54.67,24,0,24,32,20,26.67,10,1,1.55,81.75,16.1,43.97,14.25,0,0,49.09,0,25.87,9.5,3.13,39.5,6.1,0
Riverdale Joint Unified,10,75408,"19,103,901","1,532.80","12,464",Unified                  ,159,69,37,0,37,53.62,17,0,17,24.64,14,20.29,13,1.33,2.4,43.5,3.67,12.87,5.25,0,0,28.6,0,8.7,4.33,1.87,30.26,0.8,0
Riverside Unified,33,67215,"479,771,376","39,111.10","12,267",Unified                  ,3313,1543,1088,0,1088,70.51,739,0,739,47.89,684,44.33,29.3,14,15.7,0,120.55,204.72,161.67,0,0,898.63,0,412.97,96.25,32.3,556.07,107.7,27.87
Rocklin Unified,31,75085,"109,473,336","11,406.80","9,597",Unified                  ,1123,629,576,1,577,91.73,478,1,479,76.15,472,75.04,27,7,4,337.02,15.04,143.34,44.33,0,0,193.14,0,74.82,33.93,9,212.06,40.78,2
Roseville Joint Union High,31,66928,"109,516,735","9,755.90","11,226",High                     ,2614,1377,1233,4,1237,89.83,979,4,983,71.39,958,69.57,21.75,3.5,0,0,10.83,48.68,0,0,0,157.4,0,47.51,19.3,27.95,449.7,28.47,0
Rowland Unified,19,73452,"153,565,208","13,052.70","11,765",Unified                  ,1212,546,406,1,407,74.54,313,1,314,57.51,293,53.66,61,8,4.5,328.12,30.79,216,58.75,0,0,365,0,89,42.98,12,183.43,148.96,1.2
Sacramento City Unified,34,67439,"486,432,070","38,392.80","12,670",Unified                  ,3159,1510,1028,1,1029,68.15,707,1,708,46.89,656,43.44,167.48,0,14.6,0,141.63,590.28,176.09,1,0,701.66,0,236.85,146.71,31.1,567.8,11.26,26.27
Saddleback Valley Unified,30,73635,"270,129,024","26,232.20","10,298",Unified                  ,2464,1084,984,6,990,91.33,842,6,848,78.23,826,76.2,63.38,12,6,582.03,43.13,277.19,78.97,0,0,323.7,0,134.15,54.5,15,390.72,77.86,7.49
Saint Helena Unified,28,66290,"30,602,450","1,199.70","25,508",Unified                  ,101,58,47,0,47,81.03,31,0,31,53.45,31,53.45,5,2,1,41.16,3.15,15,5.33,0,0,28.51,0,9.25,5,2,32.47,5.4,0.69
Salinas Union High,27,66159,"178,663,126","14,571.70","12,261",High                     ,2605,956,616,0,616,64.44,386,0,386,40.38,357,37.34,10.02,7.5,9.6,216.79,39.33,94.03,0,0.9,0,269.23,0,115.06,36,32.2,464.95,15.9,6.54
San Benito High,35,67538,"31,407,348","2,895.60","10,847",High                     ,761,278,214,0,214,76.98,156,0,156,56.12,144,51.8,10,2,0,0.07,4.68,28.38,0,0,0,59.34,0,15.88,7.85,6.7,110.62,6,0.79
San Bernardino City Unified,36,67876,"651,483,094","46,562.20","13,992",Unified                  ,3543,1260,697,0,697,55.32,355,0,355,28.17,327,25.95,250.75,94.52,74,0,304.5,507.43,187.28,0,0,0,0,335.18,202.16,49,591.93,136.59,49.95
San Diego Unified,37,68338,"1,271,515,430","99,104.20","12,830",Unified                  ,9665,4974,3723,3,3726,74.91,2671,2,2673,53.74,2580,51.87,680.73,50.5,86,0,190.94,0,533.83,1.67,0,0,0,753.32,342.08,89.25,0,554.06,56.83
San Dieguito Union High,37,68346,"135,445,928","12,463.80","10,867",High                     ,2174,1301,1216,27,1243,95.54,1101,27,1128,86.7,1120,86.09,40,3,6,160.3,9.1,58.84,0,0,0,198.01,0,58.98,26,20.4,352.99,33.6,3.33
San Francisco Unified,38,68478,"729,813,887","50,381.90","14,486",Unified                  ,4546,2956,2247,1,2248,76.05,1957,1,1958,66.24,1807,61.13,0,130.48,49.7,0,663.86,770.88,232.5,5.6,0,496.7,0,266.43,238.37,60.9,0,435.96,0
San Gabriel Unified,19,75291,"59,791,650","5,008.40","11,938",Unified                  ,970,364,316,0,316,86.81,274,0,274,75.27,261,71.7,19,4,5,124.45,24.45,109.83,18.2,0,0,96.02,0,35.8,40.52,13.5,145.08,20.5,22.49
San Jacinto Unified,33,67249,"113,369,388","9,462.20","11,981",Unified                  ,806,317,186,0,186,58.68,96,0,96,30.28,83,26.18,52.25,5,9,291.25,68.35,98.88,38.28,0,0,171.49,0,57.95,26,6,136.42,33.6,6.54
San Jose Unified,43,69666,"340,998,187","28,981.70","11,766",Unified                  ,2655,2228,1431,8,1439,64.59,991,8,999,44.84,952,42.73,125.85,11,41.35,776.41,162.55,199.71,101.62,0,0,549.27,0,158.33,87.15,29.3,464.7,85.4,15.3
San Juan Unified,34,67447,"431,015,576","37,512.70","11,490",Unified                  ,4342,1360,1146,5,1151,84.63,899,4,903,66.4,872,64.12,7,0,0,26,1,8.08,4,0,0,17.26,0,6.5,2.2,0,16.2,0,0
San Leandro Unified,1,61291,"96,694,614","8,436.10","11,462",Unified                  ,785,360,245,0,245,68.06,154,0,154,42.78,142,39.44,39.66,4,4,213.02,15,102.15,34.18,1,0,99.3,0,32.53,20,6,125,22.8,0
San Lorenzo Unified,1,61309,"120,682,601","9,938.50","12,143",Unified                  ,1023,471,327,0,327,69.43,249,0,249,52.87,224,47.56,27.44,3.5,7.45,266.74,21.7,141.09,45.18,0,0,149.7,0,48.53,27.4,9.05,183.85,29.1,4.27
San Lorenzo Valley Unified,44,69807,"24,760,063","2,191.40","11,299",Unified                  ,282,108,97,2,99,91.67,80,2,82,75.93,80,74.07,4,3,1,77.5,17.38,23.89,11.38,0,0,55.01,0,17.21,10.15,2,115.51,5.6,0
San Luis Coastal Unified,40,68809,"88,293,090","7,175.50","12,305",Unified                  ,591,311,276,1,277,89.07,252,1,253,81.35,241,77.49,25,4,7.1,205.37,7.8,130.16,29.67,0,0,134.46,0,42.68,24.4,5,109.71,29.3,1
San Marcos Unified,37,73791,"211,089,616","20,109.00","10,497",Unified                  ,1493,845,723,0,723,85.56,525,0,525,62.13,514,60.83,57.21,10,11,329.69,396.32,237.54,39.83,0,0,274.46,0,66.04,48.3,15,220.06,109.8,0
San Marino Unified,19,64964,"39,996,967","2,987.30","13,389",Unified                  ,305,183,174,4,178,97.27,172,4,176,96.17,174,95.08,12,2,2,81.28,1.4,58.54,9.92,0,0,51.9,0,13,7,6,55.35,6,0
San Mateo Union High,41,69047,"149,298,247","8,393.50","17,787",High                     ,2406,1415,1275,8,1283,90.67,1107,8,1115,78.8,1087,76.82,34.8,5,0,0,8.36,69.9,0,0.9,0,198.25,0,88.05,18.73,26.44,457.7,20.5,7
San Rafael City High,21,65466,"34,927,415","2,483.00","14,067",High                     ,608,284,233,0,233,82.04,171,0,171,60.21,169,59.51,9.06,1.5,0,0,0,11.88,0,0,0,26.59,0,17.01,6,5.8,116.04,0.5,3.16
San Ramon Valley Unified,7,61804,"328,841,411","31,428.30","10,463",Unified                  ,2601,1630,1550,23,1573,96.5,1435,23,1458,89.45,1438,88.22,64.5,5,13.8,783.69,33.96,381.47,99.93,0,0,377.59,0,131.51,85.3,25.48,450.51,83.2,5.32
Sanger Unified,10,62414,"115,196,125","10,132.90","11,369",Unified                  ,808,371,234,0,234,63.07,125,0,125,33.69,118,31.81,37.3,12,1,323,56.53,91.53,53.59,0.6,0,253.82,0,52.37,41.8,0,146.9,33.15,1
Santa Ana Unified,30,66670,"616,944,655","46,710.00","13,208",Unified                  ,4070,3384,1381,4,1385,40.93,862,4,866,25.59,759,22.43,61.47,12,23,0,295.23,505.54,163.73,0,0,903.25,0,225.62,108.37,38,676.7,149.65,0
Santa Barbara Unified,42,76786,"155,574,179","12,850.00","12,107",Unified                  ,1860,875,747,0,747,85.37,630,0,630,72,609,69.6,4.37,9,8.19,321.1,64.18,175.16,36.14,0,0,275.04,0,83.95,44.96,18.12,275.3,43.12,3.43
Santa Clara Unified,43,69674,"248,770,335","14,717.30","16,903",Unified                  ,1118,522,460,1,461,88.31,390,1,391,74.9,377,72.22,38.11,9,10.2,377.09,51.32,209.18,62.53,0,0,281.31,0,76,46,14,189.48,70.1,9.5
Santa Maria Joint Union High,42,69310,"95,402,725","7,378.50","12,930",High                     ,2010,474,331,0,331,69.83,227,0,227,47.89,199,41.98,23.19,5,0,0,17.48,81.09,0,0,0,174.92,0,62.5,13,22,327.59,7.4,1.83
Santa Monica-Malibu Unified,19,64980,"155,650,414","10,294.20","15,120",Unified                  ,902,530,427,0,427,80.57,339,0,339,63.96,330,62.26,28.8,6,7,285.07,53.06,262.24,39.58,0,0,263.62,0,51.1,30.8,17.2,179.62,50.44,6.5
Santa Paula Unified,56,76828,"66,140,006","5,105.10","12,956",Unified                  ,411,164,110,0,110,67.07,69,0,69,42.07,67,40.85,18.51,3,10,147,35.7,51.77,20.75,0,0,122.88,0,24.07,15,6.6,73.08,12,1.17
Santa Ynez Valley Union High,42,69328,"10,633,864",908,"11,712",High                     ,239,133,117,0,117,87.97,96,0,96,72.18,91,68.42,5,1,0,0,3,0,0,0,0,19,0,6,2,3,48.6,0,0
Scott Valley Unified,47,76455,"7,738,589",632,"12,245",Unified                  ,57,34,32,0,32,94.12,29,0,29,85.29,28,82.35,4.44,0.9,0.3,18.71,0,10.84,4.05,0,0,29.71,0,5.63,4.06,0.7,13.58,0,0
Scotts Valley Unified,44,75432,"24,612,553","2,333.40","10,548",Unified                  ,171,90,83,0,83,92.22,68,0,68,75.56,67,74.44,4.44,0.9,0.3,18.71,0,10.84,4.05,0,0,29.71,0,5.63,4.06,0.7,13.58,0,0
Selma Unified,10,62430,"76,327,679","6,139.50","12,432",Unified                  ,477,183,110,0,110,60.11,69,0,69,37.7,61,33.33,42.2,4,0,174.71,37.75,71.92,21.64,1,0,144.32,0,36.5,33.2,0,82.21,34.6,6.1
Sequoia Union High,41,69062,"143,976,167","8,205.70","17,546",High                     ,2461,1438,1238,1,1239,86.16,1057,1,1058,73.57,1032,71.77,44,8.6,0,0,46.76,142,0,0,0,164,0,69,25,29.1,508.15,26.3,2
Shasta Union High,45,70136,"53,655,827","4,031.90","13,308",High                     ,1158,363,327,0,327,90.08,275,0,275,75.76,264,72.73,22.13,4,0,22.82,1,45.16,0,0,0,86.45,0,45.38,17.6,16.9,228.84,9.6,0
Shoreline Unified,21,73361,"13,174,761",477.8,"27,574",Unified                  ,29,20,12,0,12,60,7,0,7,35,7,35,4.5,1,1,18.76,0.85,5,2.14,0,0,19.18,0,2.7,2.3,1,12.8,1,1.13
Sierra Sands Unified,15,73742,"50,111,517","4,823.10","10,390",Unified                  ,355,110,99,0,99,90,75,0,75,68.18,74,67.27,20.06,4,9.5,132.64,11.83,93.93,20.17,0,0,101.3,0,26.28,14.28,5.3,70.25,4.84,0
Sierra Unified,10,75275,"15,966,163","1,200.80","13,297",Unified                  ,135,49,41,0,41,83.67,35,0,35,71.43,35,71.43,2,0.7,0,18.77,0,13.84,2.29,0,0,16.38,0,6,1.98,0,11.49,0,1
Silver Valley Unified,36,73890,"28,636,107","1,997.50","14,336",Unified                  ,78,25,23,0,23,92,18,0,18,72,18,72,14.5,1,0,70.19,3.17,20.28,17.17,0,0,41.26,0,22.88,8,1.34,25.88,7,0
Simi Valley Unified,56,72603,"166,206,169","15,970.40","10,407",Unified                  ,1518,502,466,0,466,92.83,377,0,377,75.1,370,73.71,49.04,5,8,379.69,12.5,252.55,58.58,0,0,224.05,0,165.43,44,11.85,245.35,90.4,0
Siskiyou Union High,47,70466,"8,145,279",508.2,"16,027",High                     ,134,52,48,0,48,92.31,35,0,35,67.31,34,65.38,3.5,0.7,0,0,0,2.26,0,0,0,11.94,0,6,3.15,2.32,39.16,0,0
Snowline Joint Unified,36,73957,"78,965,925","7,047.20","11,205",Unified                  ,553,204,169,0,169,82.84,135,0,135,66.18,128,62.75,24.32,4,5.23,187.4,13.63,56.2,22,0,0,130.07,0,37.54,19,2,112.7,11,0.25
Soledad Unified,27,75440,"56,357,997","4,634.20","12,161",Unified                  ,356,161,73,1,74,45.96,21,1,22,13.66,20,12.42,11.38,4,7,120.2,22.12,59.08,16.67,0,0,111.82,0,47.98,11,6.9,68.36,13,0.17
Sonoma Valley Unified,49,70953,"49,827,396","3,725.00","13,377",Unified                  ,312,129,97,0,97,75.19,73,0,73,56.59,70,54.26,12.72,3,4.8,127.32,10.57,95.29,18.08,0,0,105.75,0,34.22,16.4,4.95,72.81,23.59,0.87
Sonora Union High,55,72389,"12,081,331",964.7,"12,523",High                     ,251,57,54,0,54,94.74,45,0,45,78.95,45,78.95,2.75,1,0,0,0,5.42,0,0,0,36.51,0,9,3,4,44.29,1,0
South Monterey County Joint Union High,27,66068,"26,219,839","2,149.20","12,200",High                     ,507,143,74,0,74,51.75,34,0,34,23.78,34,23.78,11,1,0,0,1.83,21.42,0,0,0,28.74,0,15.43,8.59,3.86,100.83,0,0
South Pasadena Unified,19,65029,"48,612,678","4,643.80","10,468",Unified                  ,391,230,214,2,216,93.91,187,2,189,82.17,186,80.87,18,4,3.7,114.85,5,31.44,19.33,0,0,53.75,0,26.7,11,5.4,64.43,12.1,0
South San Francisco Unified,41,69070,"96,000,351","8,333.10","11,520",Unified                  ,720,319,255,0,255,79.94,171,0,171,53.61,158,49.53,52.23,6,5.5,233.8,24.5,94.15,34.1,2,0,99.56,0,60.82,30.5,10.3,128.5,30.31,0.6
Southern Humboldt Joint Unified,12,63040,"9,171,522",687,"13,349",Unified                  ,47,21,17,0,17,80.95,14,0,14,66.67,14,66.67,5.63,0,0,25.73,1,8.06,3.67,0,0,26.95,0,5.75,1.98,0,11.12,1.75,0
Southern Kern Unified,15,63776,"42,868,551","3,321.40","12,907",Unified                  ,248,38,27,0,27,71.05,14,0,14,36.84,14,36.84,9,2,2,100.92,6,81.33,15.78,0,0,107.88,0,20.75,14,3,57.33,12.8,2.67
Spencer Valley Elementary,37,68403,"2,628,377",36.4,"72,228",Elementary               ,306,18,14,0,14,77.78,8,0,8,44.44,8,44.44,0,0,0,35.74,5.31,0,5.49,0,0,2.51,0,18.88,17.32,0,36.97,17.24,0
Stockton Unified,39,68676,"425,644,603","32,923.80","12,928",Unified                  ,2559,963,567,0,567,58.88,336,0,336,34.89,305,31.67,225.26,4,38.1,906.24,128.56,488.09,147.65,0,0,750.27,0,231.21,137.54,22.78,416.23,103.96,26.83
Summerville Union High,55,72413,"6,289,598",391,"16,088",High                     ,228,61,53,0,53,86.89,38,0,38,62.3,37,60.66,5,0,0,12.06,0.2,6.73,1.78,0,0,21.33,0,9.5,5.28,0,38.33,1,0
Sutter Union High,51,71449,"7,522,999",737.3,"10,203",High                     ,186,63,50,0,50,79.37,36,0,36,57.14,34,53.97,0,0,0,0,0,0,0,0,0,17,0,8.5,1.4,2,34.47,0.8,0
Sweetwater Union High,37,68411,"474,701,050","37,046.90","12,814",High                     ,8078,3398,2657,1,2658,78.22,1717,0,1717,50.53,1643,48.35,228.25,20,30.8,498.01,181.93,565.6,3.65,0,0,490.75,0,235.07,105.6,86.2,0,76.6,20.09
Taft Union High,15,63818,"23,769,174",945.1,"25,149",High                     ,250,47,30,0,30,63.83,16,0,16,34.04,14,29.79,13,1,0,0,3.84,16,0,0,0,41,0,12,3.3,3.49,71.07,2.5,1
Tahoe-Truckee Unified,31,66944,"60,647,978","3,600.30","16,845",Unified                  ,263,152,130,1,131,86.18,93,0,93,61.18,92,60.53,31,2,6.6,117.18,22.38,36.22,18.4,2,0,48.76,0,25.75,15.23,5.5,66.26,27.5,1.08
Tamalpais Union High,21,65482,"83,965,986","4,562.00","18,405",High                     ,1116,522,507,0,507,97.13,434,0,434,83.14,432,82.76,19,5.2,0,0.05,6.28,29.53,0,0,0,67.41,0,32.68,18,17.9,262.06,8.2,0
Tehachapi Unified,15,63826,"41,692,206","4,137.20","10,078",Unified                  ,344,90,77,1,78,86.67,55,1,56,62.22,52,57.78,12.5,1,1,108.31,11.64,67.52,16.53,0,0,69.67,0,19.75,9.99,3,58.1,11.39,1.25
Temecula Valley Unified,33,75192,"266,975,514","26,992.70","9,891",Unified                  ,2534,1542,1325,1,1326,85.99,976,0,976,63.29,946,61.35,69.49,5,10.95,713.81,66.54,317.64,98.42,1,0,396.55,0,126.3,61.12,18.28,378.04,142,11.42
Temple City Unified,19,65052,"56,519,709","5,697.60","9,920",Unified                  ,548,352,326,0,326,92.61,314,2,316,89.77,306,86.93,29.3,1,4.5,136.43,13.76,110.43,20.42,0,0,89.01,0,77.59,12,8,88.35,18.8,0.7
Templeton Unified,40,68841,"23,877,711","2,265.70","10,539",Unified                  ,218,99,95,0,95,95.96,72,0,72,72.73,72,72.73,4.31,1,2.39,56.82,6,28.77,8.12,0,0,48.1,0,10.62,6,3,40.25,10.99,1
Torrance Unified,19,65060,"232,233,604","22,535.30","10,305",Unified                  ,2003,1004,893,2,895,89.14,754,1,755,75.2,734,73.11,64.2,7,15.1,540.9,44.5,334.3,70.33,0,0,535.3,0,119.4,61.12,22.44,321.46,65.6,4.83
Tracy Joint Unified,39,75499,"147,731,305","14,201.00","10,403",Unified                  ,1625,664,533,0,533,80.27,381,0,381,57.38,364,54.82,0,0,0,0,0,0,0,0,0,0,0,0,0,0,0,0,0
Travis Unified,48,70565,"54,296,711","5,258.40","10,326",Unified                  ,435,223,194,0,194,87,131,0,131,58.74,128,57.4,7,3,1,128.82,10.18,68.42,22,0,0,103.56,0,22.26,12.9,5,82,17.8,1.92
Trinity Alps Unified,53,76513,"9,269,783",704.2,"13,164",Unified                  ,89,30,21,0,21,70,17,0,17,56.67,14,46.67,3,1,0.25,18.71,3.28,19.75,1.25,0,0,17,0,6,1.9,0.5,20.05,0,0
Tulare Joint Union High,54,72249,"68,147,082","5,274.40","12,920",High                     ,1325,482,320,0,320,66.39,220,0,220,45.64,198,41.08,19,3,0,0,5,21,0,0,0,89,0,53.5,16.69,21.63,249.73,2.1,1
Tulelake Basin Joint Unified,25,73593,"5,724,427",367.2,"15,588",Unified                  ,33,23,10,0,10,43.48,3,0,3,13.04,3,13.04,3,0,0,12.97,0,5,2,0,0,12,0,5,1,1,8.29,0,0
Turlock Unified,50,75739,"142,328,712","13,406.60","10,616",Unified                  ,1194,510,384,0,384,75.29,258,0,258,50.59,243,47.65,43.5,6,4,336.33,41.21,193.9,55.56,0,0,235.92,0,82.06,38.49,11.98,216.2,30.7,0.82
Tustin Unified,30,73643,"241,071,049","23,185.60","10,397",Unified                  ,1875,1093,912,5,917,83.9,763,5,768,70.27,745,68.16,44.51,9,11.15,503.39,52.42,316.4,64.53,0,0,380.99,0,94.17,46,15.95,306.88,107.95,0
Twin Rivers Unified,34,76505,"316,604,318","24,589.80","12,875",Unified                  ,2762,1162,432,0,432,37.18,222,0,222,19.1,188,16.18,238.44,14.5,20.1,796.44,169.63,376.31,125.74,0,0,529.91,0,229.07,99.6,18.2,418.38,94.8,37.55
Ukiah Unified,23,65615,"68,447,381","5,574.70","12,278",Unified                  ,508,121,100,0,100,82.64,81,0,81,66.94,77,63.64,25,5,3,174.69,21.3,123.14,27.04,0,0,105.56,0,53.38,21.53,6,101.24,20.45,1
Upland Unified,36,75069,"114,965,358","10,355.40","11,102",Unified                  ,864,404,321,0,321,79.46,218,0,218,53.96,207,51.24,32.63,5,4.2,270.48,27.38,124.4,41.6,1,0,154.04,0,45.13,18,10.8,147.67,19.8,7.6
Upper Lake Unified,17,76976,"10,168,813",762.7,"13,333",Unified                  ,73,25,16,0,16,64,6,0,6,24,6,24,5.5,1,0,23.22,1,13.34,3,0,0,21.63,0,4.5,2.95,1,15.83,2,0
Vacaville Unified,48,70573,"115,039,998","10,849.50","10,603",Unified                  ,970,446,360,1,361,80.94,286,1,287,64.35,277,62.11,53,4,4.4,320.94,18.8,120.14,47.19,0,0,203.26,0,83.34,38.45,9,200.28,33.8,0
Val Verde Unified,33,75242,"216,557,916","19,355.20","11,189",Unified                  ,1590,1417,539,0,539,38.04,240,0,240,16.94,227,16.02,86.9,7,10,470.35,59,186.31,56.28,0,0,302.98,0,156,41,17,270.21,42.2,12.47
Vallejo City Unified,48,70581,"143,872,917","11,348.30","12,678",Unified                  ,997,369,234,0,234,63.41,127,0,127,34.42,118,31.98,47.75,9,0,347.62,68.78,221.86,54.61,0,0,295.53,0,79.5,45,11,163.7,19.91,2.33
Valley Center-Pauma Unified,37,75614,"45,355,894","3,775.10","12,015",Unified                  ,311,133,105,0,105,78.95,72,0,72,54.14,68,51.13,18.75,5,3,103.32,13.7,26.64,15.17,0,0,87.42,0,21.19,9.5,2,53.26,13.5,2.4
Ventura Unified,56,72652,"174,441,131","15,905.90","10,967",Unified                  ,1397,578,506,0,506,87.54,367,0,367,63.49,357,61.76,49.13,6,18.02,402.92,63.82,172.83,58.89,0,0,308.53,0,94.24,42,22.2,227.64,55.28,2
Victor Valley Union High,36,67934,"123,712,182","9,546.10","12,960",High                     ,2324,881,577,0,577,65.49,308,0,308,34.96,289,32.8,19,4,4,117.09,19.81,127.62,0,1,0,209.19,0,85.5,50.49,18.5,362.08,15,19.01
Visalia Unified,54,72256,"291,946,925","27,508.20","10,613",Unified                  ,2129,582,459,0,459,78.87,313,0,313,53.78,298,51.2,94.38,8.25,0,633.1,165.32,377.01,90.58,0,0,564.72,0,139.21,67.15,14.6,403.91,87.42,18.6
Vista Unified,37,68452,"252,230,308","20,280.90","12,437",Unified                  ,2919,779,647,0,647,83.06,467,0,467,59.95,450,57.77,29,4,6,158,5,111.54,16,2,0,110.25,5,36.59,13,6,91,69.13,0
Walnut Valley Unified,19,73460,"139,190,651","13,968.40","9,965",Unified                  ,1491,1107,1001,15,1016,91.78,944,15,959,86.63,930,84.01,39,5,12,302.37,55.88,95.6,39.61,0,0,242.84,0,53.53,27.75,22,226.47,46.3,0
Wasco Union High,15,63859,"20,606,774","1,740.10","11,842",High                     ,449,152,71,0,71,46.71,35,0,35,23.03,32,21.05,5,1.5,0,0,5.9,6,0,0,0,37.75,0,16,4,6,84.8,0,0
Washington Unified,10,76778,"33,294,087","2,438.60","13,653",Unified                  ,347,133,57,0,57,42.86,30,0,30,22.56,24,18.05,22.25,6,0,233.92,37.35,58.13,33.58,0,0,191.43,0,31,22,5.7,104.87,16.6,1.8
Washington Unified,10,76778,"33,294,087","2,438.60","13,653",Unified                  ,561,247,168,0,168,68.02,99,0,99,40.08,92,37.25,22.25,6,0,233.92,37.35,58.13,33.58,0,0,191.43,0,31,22,5.7,104.87,16.6,1.8
Washington Unified,57,72694,"87,230,453","7,391.30","11,802",Unified                  ,347,133,57,0,57,42.86,30,0,30,22.56,24,18.05,22.25,6,0,233.92,37.35,58.13,33.58,0,0,191.43,0,31,22,5.7,104.87,16.6,1.8
Washington Unified,57,72694,"87,230,453","7,391.30","11,802",Unified                  ,561,247,168,0,168,68.02,99,0,99,40.08,92,37.25,22.25,6,0,233.92,37.35,58.13,33.58,0,0,191.43,0,31,22,5.7,104.87,16.6,1.8
Waterford Unified,50,75572,"21,219,592","1,688.20","12,569",Unified                  ,309,66,51,0,51,77.27,33,0,33,50,33,50,6,2,0.8,68.95,7.21,38.5,8.73,0,0,61.71,0,23.47,7.6,1.2,98.81,16.19,1
West Contra Costa Unified,7,61796,"343,879,508","26,808.60","12,827",Unified                  ,2381,1704,782,0,782,45.89,418,1,419,24.59,381,22.36,96.4,27,14,756.62,129.24,444.43,125.2,0,0,616.77,0,148.86,106.02,26.4,378.23,96.85,23.33
West Covina Unified,19,65094,"108,997,445","8,543.10","12,759",Unified                  ,1075,434,329,0,329,75.81,239,0,239,55.07,224,51.61,33.37,8,4.5,299.83,42.37,139.09,45.75,0,0,188.44,0,75.08,54.23,9.5,181.52,70.24,1.53
West Sonoma County Union High,49,70607,"22,661,014","1,752.10","12,934",High                     ,476,184,174,0,174,94.57,141,0,141,76.63,140,76.09,0,1,0,4.5,2,17,0,0,0,39,0,16,7,6.6,88.51,11.43,0
Western Placer Unified,31,66951,"69,186,158","6,672.10","10,370",Unified                  ,745,189,154,1,155,82.01,99,1,100,52.91,98,51.85,18.2,4,1.9,251.09,21.8,47.64,29.3,0,0,145.03,0,98.48,45.2,5.1,161.5,41.2,0.14
Wheatland Union High,58,72769,"8,445,348",725.7,"11,637",High                     ,145,55,43,0,43,78.18,33,0,33,60,31,56.36,0,0.3,0,0.03,0,3.6,0,0,0,15.5,0,6.81,2.5,1,34.17,0,0
Whittier Union High,19,65128,"151,583,565","11,269.10","13,451",High                     ,3192,1508,1077,0,1077,71.42,731,0,731,48.47,667,44.23,49.16,5,0,0.07,17.25,251.74,0,0,0,221.77,0,92.25,21,29.25,452.33,16.33,12.5
William S. Hart Union High,19,65136,"225,873,882","21,522.10","10,495",High                     ,4357,1985,1779,5,1784,89.87,1367,5,1372,69.12,1348,67.91,51,3.42,19.22,323.47,25.97,325.35,2,0,0,277,0,163.5,84.28,43.18,711.72,71.53,35.17
Williams Unified,6,61622,"14,591,370","1,248.90","11,683",Unified                  ,98,39,17,0,17,43.59,6,0,6,15.38,5,12.82,3.8,1.3,1,37.21,3.2,10.32,7,0,0,29.06,0,7.58,4.34,1,18.46,1.75,0
Willits Unified,23,65623,"19,074,492","1,410.50","13,524",Unified                  ,140,38,26,0,26,68.42,17,0,17,44.74,17,44.74,0,0,0,0,0,0,0,0,0,0,0,0,0,0,0,0,0
Willows Unified,11,62661,"13,007,961","1,372.50","9,478",Unified                  ,113,32,25,0,25,78.13,15,0,15,46.88,15,46.88,3.8,1,2,33.73,1,5.05,5,0,0,28.08,0,7.5,5,2,21.11,2,0
Windsor Unified,49,75358,"42,600,097","3,741.40","11,386",Unified                  ,449,141,117,0,117,82.98,67,0,67,47.52,64,45.39,0,0,0,0,0,0,0,0,0,0,0,0,0,0,0,0,0
Winters Joint Unified,57,72702,"17,297,066","1,456.50","11,876",Unified                  ,130,48,37,0,37,77.08,24,0,24,50,23,47.92,6.81,1,2,42.62,6.13,22.06,6,0,0,34.76,0,8.75,7,1,23.45,4.5,1
Wiseburn Unified,19,76869,"26,316,486","2,440.60","10,783",Unified                  ,429,214,169,0,169,78.97,111,0,111,51.87,106,49.53,13,2,4,102.2,11.2,51.49,13.8,0,0,55.34,0,20.6,16.35,8.96,82.84,20.08,0
Woodlake Unified,54,76794,"25,462,900","2,042.00","12,470",Unified                  ,158,43,27,0,27,62.79,16,0,16,37.21,15,34.88,12.75,0,0,54.03,0,26.25,8,0,0,72.75,0,12.75,7.9,2,32.25,0,5.74
Woodland Joint Unified,57,72710,"109,900,402","9,352.10","11,751",Unified                  ,732,282,192,0,192,68.09,116,0,116,41.13,106,37.59,19,6,3.9,262.94,31.5,99.5,42.51,0,0,192.75,0,46.75,25.8,7.9,149.17,36.15,1
Yosemite Unified,20,76414,"17,989,023","1,590.20","11,312",Unified                  ,223,90,74,0,74,82.22,50,0,50,55.56,49,54.44,5.4,2,0,41.66,3,21.26,5.58,0,0,49.64,0,16.67,10.94,1.8,44.81,4.31,5.94
Yreka Union High,47,70516,"8,416,421",551.3,"15,266",High                     ,135,51,39,0,39,76.47,21,0,21,41.18,21,41.18,3,0.95,0,0,1,2.31,0,0,0,8.5,0,4.94,0.85,2,34.44,1.94,0
Yuba City Unified,51,71464,"139,372,665","11,785.60","11,826",Unified                  ,959,267,209,1,210,78.65,143,1,144,53.93,138,51.69,29,5.6,20,366.69,27.44,100.97,49.46,0,0,285.28,0,87.19,41.09,16.4,201.75,43.76,55.58
Yucaipa-Calimesa Joint Unified,36,67959,"87,542,068","8,006.80","10,933",Unified                  ,773,336,276,0,276,82.14,211,0,211,62.8,203,60.42,67.75,5,8,263.66,25.62,100.01,36.58,0,0,124.27,0,65.97,23,7,130.11,24.6,0